decision_date,SPXT,FTSE100,LBUSTRUU,BROAD_TIPS,B3REITT,XAU,SILVER_FUT,NIKKEI225,CSI300_CHINA,BITCOIN,CHF_FRANC,fold_id,turnover,turnover_cost,ex_ante_vol,active_vol_budget,guardrail_multiplier,optimizer_status,used_fallback
2003-01-29,0.20000000018375497,6.37362134801635e-10,0.15195506483833937,0.19804499032827155,0.0,0.2414279768572727,0.1823841303822739,7.639269997364289e-10,0.026187834974525207,0.0,1.0342731808241189e-09,1.0,0.8476243260870394,0.00042381216304351974,0.0925847792515461,0.1,1.0,optimal,0
2003-02-28,0.20000000020146763,8.851926998618023e-10,0.17282718662534258,0.24999999643826026,0.0,0.20142608881155544,0.09637400636812037,6.576517433733012e-10,0.07937271823854083,0.0,1.7738685315215955e-09,1.0,0.22562204812028544,0.00011281102406014273,0.08949815827384344,0.1,1.0,optimal,0
2003-03-31,0.20000000001841522,7.331488294898721e-11,0.1613541657094136,0.24999999945770288,1.1719498396923004e-09,0.24908874579097287,0.0427492752168988,5.31701218224087e-11,0.09680781234325193,0.0,1.6490994471730623e-10,1.0,0.13958875428723114,6.979437714361558e-05,0.09340584224766392,0.1,1.0,optimal,0
2003-04-30,0.20000000024745745,0.07516668319378171,0.16898737100700714,0.2140156049682323,0.022634711526729204,0.22035705973958045,0.09883856739784638,1.9159939591376704e-10,4.693328617550504e-10,0.0,1.258432986272015e-09,1.0,0.32553276540465825,0.00016276638270232914,0.08589282824485482,0.1,1.0,optimal,0
2003-05-30,0.20000000224676348,0.14999995910410688,0.11255607328724741,0.1758077903840702,5.3964887836763177e-08,0.16163625958268132,1.144238177878176e-08,2.831640216059066e-09,0.19999984198570733,0.0,5.170513607408767e-09,1.0,0.5479925187679976,0.0002739962593839988,0.08361610508040548,0.1,1.0,optimal,0
2003-06-30,0.20000000009615887,0.10165751458161308,0.11927026373629082,0.1775725819399706,0.24999999992112826,0.15149960204875518,3.73591795537688e-08,1.5725752770313799e-10,3.63920810717671e-11,0.0,1.232540324550709e-10,1.0,0.5092775703319398,0.0002546387851659699,0.08521183745964236,0.1,1.0,optimal,0
2003-07-31,0.20000000421477174,0.11603386284499141,0.07347536310963382,0.16049068100956543,0.24999999409466944,0.06945998739620005,0.1305400132045305,2.3080576525588763e-09,1.926099746495838e-09,0.0,8.989148025997702e-08,1.0,0.29103608738226533,0.00014551804369113266,0.08223568245397177,0.1,1.0,optimal,0
2003-08-29,0.20000001266396522,0.05915977607000555,0.05326400899019566,0.21771603070295578,0.24999999979277898,0.19999988410837355,1.150322133731229e-07,8.033159065562547e-10,9.149190998934292e-11,0.0,0.01986017174470416,1.0,0.4067579640350287,0.00020337898201751433,0.08868494046244119,0.1,1.0,optimal,0
2003-09-30,0.20000000218227232,0.06654276639718311,0.09070716487699726,0.1927501339163628,0.24999999243135762,0.1429124104551538,0.057087504193161075,1.807951064645043e-08,2.107662611526215e-09,0.0,5.36033877184701e-09,1.0,0.21391571050789662,0.00010695785525394831,0.0839087574811137,0.1,1.0,optimal,0
2003-10-31,0.2000000007669788,0.10199475614670044,0.06773890139203959,0.18026648436502493,0.2367505392975521,0.15336159436120075,0.05988771551449609,6.426497141516865e-09,4.865050277106763e-10,0.0,1.2430049454477613e-09,1.0,0.10109245534018743,5.0546227670093715e-05,0.08262607979249656,0.1,1.0,optimal,0
2003-11-28,0.2000000004224629,0.106297651216303,0.08879472417624541,0.15490762400113062,0.19720767568036182,0.0904947243444749,0.16229759867340787,7.335141197509204e-10,2.252943225746563e-10,0.0,5.268050681394923e-10,1.0,0.2597404875062153,0.00012987024375310765,0.07916293633149955,0.1,1.0,optimal,0
2003-12-30,0.29147072077547886,0.14999999919541063,0.03513458054429913,0.0733946991661994,0.1539352989183728,0.13751503220294287,0.1585496629555695,3.110636867789835e-09,1.4706046984564863e-09,0.0,1.6604851974998632e-09,1.0,0.362177146533123,0.0001810885732665615,0.08530539552870142,0.1,1.0,optimal,0
2004-01-30,0.26236773550982745,0.14999999767512176,0.05945976381330984,0.07817250344157421,0.24999999955119087,0.07387521501833909,0.11304466407157843,0.013080119434917378,1.3806237709382337e-09,0.0,1.035172125857944e-10,1.0,0.27449800470782393,0.00013724900235391197,0.08623997599346278,0.1,1.0,optimal,0
2004-02-27,0.21848570691297983,0.14999999914570838,0.04692048650223677,0.1345938074776742,0.20801863611012628,0.05862738841759694,0.1833539716585284,7.720233950113412e-10,2.8162170418051696e-09,0.0,1.869087802033231e-10,1.0,0.24324523749096613,0.00012162261874548307,0.08820264374281742,0.1,1.0,optimal,0
2004-03-31,0.20000000455600928,0.14150903784633015,0.060060277122091554,0.1484306795186779,0.1259699893671608,0.07471632111408032,0.19999999659579776,0.0493136917350195,8.357204267379927e-10,0.0,1.3091123999021021e-09,1.0,0.197715560414301,9.88577802071505e-05,0.08399939741073278,0.1,1.0,optimal,0
2004-04-30,0.20000000526690456,0.13941740077124332,0.08540555622604651,0.12517704429360202,0.14680583802309904,0.12882064333518412,0.08145650389585686,0.09291700588723911,3.665783972575143e-10,0.0,1.9342461511055257e-09,1.0,0.2914817770160038,0.0001457408885080019,0.07935913298968243,0.1,1.0,optimal,0
2004-05-28,0.20965119088969153,0.1499999996360808,0.011439869825095877,0.17890893903978788,0.2499999999086047,0.07990856020900858,0.08476416833084761,0.03532727120698963,1.0275359018280465e-10,0.0,8.511397809340269e-10,1.0,0.3470499557179683,0.00017352497785898418,0.0872542141677719,0.1,1.0,optimal,0
2004-06-30,0.2333402291420347,0.1499999980493095,0.03786652967797689,0.12879324302709164,0.24999999889386726,0.10256795427631801,0.03265107902730018,0.06478096473165232,4.949049609404404e-10,0.0,2.679544598303169e-09,1.0,0.20127955060124433,0.00010063977530062217,0.08438979342786619,0.1,1.0,optimal,0
2004-07-30,0.20000000076890773,0.1287960393724137,0.09043647230924609,0.1307675086118759,0.2499999996468972,0.10981582269108517,0.07983978123852553,0.010344371987565009,5.979058215347315e-10,0.0,2.7755777235632974e-09,1.0,0.20362282900736098,0.00010181141450368049,0.08339061192513132,0.1,1.0,optimal,0
2004-08-31,0.20000000027670492,0.12701700275067282,0.09309794403376075,0.1298850525048441,0.24999999964529843,0.09776413670231678,0.10223586038106212,2.602325725791619e-09,1.550213427224984e-10,0.0,9.479930012572077e-10,1.0,0.06815413745161711,3.407706872580855e-05,0.08404210410772042,0.1,1.0,optimal,0
2004-09-30,0.20000000153358563,0.1499999989719125,0.07128221374336806,0.12871778580388296,0.24999999506578627,0.08892740404499305,0.11107259740190573,1.7893657705995016e-09,2.956086965266818e-10,0.0,1.3495913590265155e-09,1.0,0.06159207142138027,3.079603571069014e-05,0.08476701193896999,0.1,1.0,optimal,0
2004-10-29,0.2000000011418565,0.1499999989473622,0.06546508321837802,0.13453491661249012,0.23967895466416378,0.12405141075214511,0.08626963403899768,3.4217488399681217e-10,6.038877922735929e-11,0.0,2.220427316614294e-10,1.0,0.09637258496717967,4.8186292483589834e-05,0.08351814772959949,0.1,1.0,optimal,0
2004-11-30,0.20000000473288324,0.14999999898094493,0.08467455797495965,0.11532543648490814,0.2499999680087532,0.11494644863481862,0.08505357598293133,5.834809226307904e-09,6.807028751812403e-10,0.0,2.6842888338800482e-09,1.0,0.0613660550555707,3.0683027527785346e-05,0.08286345791062717,0.1,1.0,optimal,0
2004-12-30,0.32150965723264663,0.14999999988382556,0.01517303027545868,0.06331731256369474,0.24999999982117913,0.05013939006852881,0.11807601488583977,0.03178459504454841,5.940306751299518e-11,0.0,1.648752566886923e-10,1.0,0.38579955304527275,0.00019289977652263638,0.09449502818113828,0.1,1.0,optimal,0
2005-01-31,0.20000000321872008,0.14999998996859326,0.09244271218904931,0.10755729254398486,0.12922027385847537,0.11550173158287531,0.16786115946006722,0.037416832489052816,5.984674003542162e-10,0.0,4.090714509715257e-09,1.0,0.470808983878849,0.0002354044919394245,0.08068060127702872,0.1,1.0,optimal,0
2005-02-28,0.20000000108501395,0.14999999960116736,0.08907870010628623,0.1109212986055644,0.1717978573611202,0.09632928990662179,0.10267248472197522,0.07920036726275613,3.3902267689560344e-10,0.0,1.0104719176777731e-09,1.0,0.18935835287842884,9.467917643921441e-05,0.07624501107830525,0.1,1.0,optimal,0
2005-03-31,0.26396372776771393,0.11058654485279705,0.06781892778843104,0.10763080366200375,0.20455839512295604,0.06292893447819722,0.18251263160701817,3.317284376372086e-08,2.8169489720058444e-10,0.0,1.2663440083987325e-09,1.0,0.35392879740258554,0.00017696439870129276,0.08961599638915921,0.1,1.0,optimal,0
2005-04-28,0.20000000071991633,0.08900985441272477,0.11886357808156413,0.14212657602996565,0.24999999657996003,0.11673006710144512,0.08326991895641213,5.822475790908475e-09,8.297641569915946e-10,0.0,1.4657719422617676e-09,1.0,0.3443306098807016,0.0001721653049403508,0.08238826502845885,0.1,1.0,optimal,0
2005-05-31,0.20000002737810532,0.10272998572780169,0.12283939540733967,0.14763878162974536,0.24999999958425353,1.2158081007630897e-07,0.16790549589097492,0.008886184499722248,2.6075669009889454e-10,0.0,8.040490531696435e-09,1.0,0.24085986144736482,0.00012042993072368242,0.08860522321616354,0.1,1.0,optimal,0
2005-06-30,0.20000000040993698,0.09705383621350742,0.11065012476408193,0.14864300954832443,0.24999999981535131,0.1696443385652436,0.024008687942299708,1.2207090580060017e-09,8.015779146270865e-11,0.0,1.4403877704268842e-09,1.0,0.34462663226563617,0.00017231331613281809,0.08385949897366911,0.1,1.0,optimal,0
2005-07-29,0.2000000153908841,0.0958722042770564,0.12224157202311735,0.12089776666211213,0.24999999972818135,0.026450413045289254,0.17354957496161025,8.19523418490984e-09,1.4506695828361458e-09,0.0,0.010988444265845327,1.0,0.350689702428542,0.00017534485121427102,0.08337971382099725,0.1,1.0,optimal,0
2005-08-31,0.20000000015845695,0.09078388587201437,0.12354852755964382,0.13566758347401278,0.24999999992896438,0.0935356917851283,6.123468426707285e-11,0.10646430806243086,3.647631533374847e-11,0.0,3.061637536456771e-09,1.0,0.3780281193147871,0.00018901405965739354,0.08115039558957397,0.1,1.0,optimal,0
2005-09-30,0.20000001525611175,0.09029805404497537,0.09675885198948764,0.13286515943978267,0.24999999411458823,0.07727645357914609,0.012747138305846147,0.10997641188562816,7.491016420708017e-10,0.0,0.030077920635332316,1.0,0.0939768563898621,4.698842819493105e-05,0.07922688998089625,0.1,1.0,optimal,0
2005-10-31,0.20000000262528747,0.10281350338066575,0.044055948853339084,0.13092485202896997,0.24864349815231568,0.08535633577148831,0.03880057598945458,0.027133750184667137,0.05006583937035068,0.0,0.07220569364346131,1.0,0.27730514881821383,0.0001386525744091069,0.07742022619578516,0.1,1.0,optimal,0
2005-11-30,0.2170587395334539,0.07271275949580273,0.08974758065821599,0.12717911364709886,0.24432153934794076,0.036871359694795956,0.10258263841752624,0.06622446188142167,3.179482627755121e-10,0.0,0.043301807005795695,1.0,0.3250690601296633,0.00016253453006483167,0.07864034223742737,0.1,1.0,optimal,0
2005-12-30,0.20328231712522496,0.09537505891819595,0.10640077347213474,0.13947731599703128,0.10116403332680608,0.02459904380367178,0.16386090596060546,0.15154927387188472,0.008826743017953442,0.0,0.005464534506491744,1.0,0.3958359698923915,0.00019791798494619577,0.07626093785952401,0.1,1.0,optimal,0
2006-01-25,0.20008277979375969,0.13736201152903554,0.11515787170688668,0.09739733643965393,0.24114790827629887,0.009575295323489531,0.05389120754010602,1.8897426413191574e-09,0.1453855869160133,0.0,5.850137126563346e-10,1.0,0.6474613311445895,0.00032373066557229475,0.08134180258688056,0.1,1.0,optimal,0
2006-02-28,0.2000000004806136,0.08311752003881304,0.11163310118062378,0.10372081564645487,0.12811152983269608,0.03082977997348336,0.0877974582918374,0.03461263580567427,0.16864859604389926,0.0,0.05152856270590448,1.0,0.3394380313048946,0.0001697190156524473,0.07261644146548392,0.1,1.0,optimal,0
2006-03-31,0.22713461540410124,0.14999997311743965,0.05298609923697174,0.04372674731702036,0.053369348065553025,1.539748706002688e-08,0.1750886459674483,0.06699011003255646,0.15455188013629476,0.0,0.07615256532512735,1.0,0.4588826592411997,0.00022944132962059985,0.08159973570476171,0.1,1.0,optimal,0
2006-04-28,0.2507454542353756,0.14999999768437983,0.061212875622293515,0.0724959702435334,3.419072865198366e-09,0.17046378398807766,0.07953621047941654,6.770147677244939e-09,0.19999999466644353,0.0,0.015545702891259363,1.0,0.5689825645091815,0.00028449128225459074,0.09412927953105557,0.1,1.0,optimal,0
2006-05-31,0.22676448596578055,0.14999999928094274,0.07711073338958767,0.07232759321963238,3.2158130380439403e-10,0.19271812340877825,0.05728187622179315,4.2949176613206774e-10,0.19999999955752878,0.0,0.023797188204883482,1.0,0.11608007900181519,5.80400395009076e-05,0.09190671388693854,0.1,1.0,optimal,0
2006-06-30,0.24505946070014895,0.14999999449000703,0.08446263662042762,0.043106402768288685,0.0034074878351750106,0.18323754129800532,0.06335496486437091,7.4405635701437745e-09,0.19999999793871653,0.0,0.027371506044296355,1.0,0.08253864286971055,4.1269321434855276e-05,0.09999999937396302,0.1,1.0,optimal,0
2006-07-31,0.200000004382837,0.10024962762769114,0.133262069748424,0.10266109527388326,0.07795943830332572,0.2678798432046162,0.08349152848196684,4.823754821669736e-08,0.02066913890685122,0.0,0.013827205832856425,1.0,0.5569779968950991,0.00027848899844754954,0.09999999947329868,0.1,1.0,optimal,0
2006-08-31,0.20000000066164292,0.1393721022144211,0.12622310127799977,0.08440479491580227,0.07598650837927194,0.08426117929536059,0.16577929849607237,5.814235115129287e-10,0.12397301313542736,0.0,1.0425780735821117e-09,1.0,0.43225663288540905,0.00021612831644270453,0.08809362294810322,0.1,1.0,optimal,0
2006-09-29,0.2000000338043793,0.12106632809819659,0.12851669197157245,0.10041687878505853,0.04265213529366067,0.13460624016714334,0.12228700685784452,1.300950362261577e-09,0.15045461579833,0.0,6.792286423713127e-08,1.0,0.1740290704821822,8.70145352410911e-05,0.08293998983837024,0.1,1.0,optimal,0
2006-10-31,0.20351476807335311,0.1499999996457994,0.11634375881869018,0.08014146178788119,0.041359720022286085,0.07534555034806106,0.1999999861743715,9.345950089237009e-10,0.13329474230849836,0.0,1.1886464162699126e-08,1.0,0.20769305221585185,0.00010384652610792592,0.08790020783477881,0.1,1.0,optimal,0
2006-11-30,0.22549228836220242,0.1499999948630383,0.10565723096549895,0.06885048092616977,0.052920617357309345,0.021811280102871686,0.17526809510463504,7.3868351523969624e-09,0.19999999932423884,0.0,5.607200470849768e-09,1.0,0.20653721674433434,0.00010326860837216717,0.08630495615509118,0.1,1.0,optimal,0
2006-12-29,0.21752838538372807,0.14999999923533147,0.10209973429273089,0.08037177616103577,0.025591491175785578,0.038274632675753734,0.15747765586013207,0.028656219993648122,0.1999999997732292,0.0,1.0544862495700409e-07,1.0,0.12399518446936621,6.199759223468311e-05,0.08281840900497023,0.1,1.0,optimal,0
2007-01-31,0.20000003197683935,0.1499999859184643,0.07404106068147243,0.06512558988870916,0.013302722883830454,0.0534375716348922,0.18325970126865376,4.021162754754813e-09,0.19999999929583118,0.0,0.06083333243014438,1.0,0.21922212772432534,0.00010961106386216267,0.09760212378008226,0.1,1.0,optimal,0
2007-02-28,0.20000000575519208,0.1383910682291612,0.12292632535948335,0.08868259536118026,0.027708371493964525,0.027634613340095364,0.18374833423388093,0.010908680540345089,0.19999999985884884,0.0,5.82784852215147e-09,1.0,0.21267907066967656,0.00010633953533483828,0.09588280320083518,0.1,1.0,optimal,0
2007-03-30,0.20000002059244354,0.1499999995902481,0.11761376586574937,0.08238621145480898,0.024862445989300923,0.03270434601641665,0.19243320624879245,1.6949768857874455e-09,0.19999999992791542,0.0,2.6193477270756424e-09,1.0,0.07447549926594638,3.723774963297319e-05,0.08722165457911132,0.1,1.0,optimal,0
2007-04-27,0.20000035637978172,0.14999997708938106,0.11284713704040496,0.08715251725618742,0.0356354670031631,0.047371976202238576,0.16699254405237743,1.1993437264928004e-08,0.19999999965803064,0.0,1.3324997893017465e-08,1.0,0.09777627993165602,4.8888139965828014e-05,0.08788518181008409,0.1,1.0,optimal,0
2007-05-31,0.22096006160667986,0.14999999145037507,0.10299383494485591,0.07604605576610418,0.08309772280042045,0.06323112264546714,0.10367110270292382,5.1309479980111025e-08,0.19999999988073525,0.0,5.6892958342781997e-08,1.0,0.18256791323627905,9.128395661813952e-05,0.08673946243323218,0.1,1.0,optimal,0
2007-06-29,0.2000000032243413,0.14999998640525386,0.11164922400932235,0.08835075333923992,4.557209762178529e-09,0.15347745705424948,0.06137789243167498,0.03514464437653988,0.1999999998024868,0.0,3.4799681670543007e-08,1.0,0.28732007041327157,0.00014366003520663577,0.09999999936401321,0.1,1.0,optimal,0
2007-07-31,0.2000000020184001,0.14999999951326365,0.10962051850892306,0.09037947535069948,7.14890529257042e-10,0.14471980129048836,0.10528019605943884,1.5948534796698626e-09,0.19999999996031673,0.0,4.988725815936056e-09,1.0,0.13977953320551428,6.988976660275714e-05,0.0965502608621599,0.1,1.0,optimal,0
2007-08-31,0.2000000323427622,0.14559274583507437,0.11643057708228159,0.08797656098587156,2.3810565276537093e-09,0.19427154662446441,0.05572843905765138,1.0872823048220008e-08,0.1999999997198424,0.0,8.509817266847696e-08,1.0,0.13932170252190348,6.966085126095174e-05,0.09555407711742284,0.1,1.0,optimal,0
2007-09-28,0.20000000617057057,0.14999999717881532,0.11478783710267312,0.0852121574045022,1.0220302310586632e-09,0.07995368669958355,0.17004631098837727,1.1321617318181939e-09,0.19999999981975017,0.0,2.481535772029342e-09,2.0,0.24839202316895928,0.00012419601158447963,0.09612000927278523,0.1,1.0,optimal,0
2007-10-31,0.2000000144357948,0.14999998577837442,0.11109267163042529,0.08890732218859176,3.061257547785916e-09,0.08797457767523871,0.16202541651658314,2.310762089566319e-09,0.19999999949275285,0.0,6.910219502511229e-09,2.0,0.031590576617807176,1.5795288308903587e-05,0.09284756505401051,0.1,1.0,optimal,0
2007-11-30,0.20000000069700966,0.14999999955741633,0.11012228863863446,0.08987770829344727,2.984781529969578e-10,0.28189959631246114,0.11486577255948731,3.2950009766312066e-10,0.05323463032532467,0.0,2.9882409611216418e-09,2.0,0.3827997358371366,0.00019139986791856832,0.08786344207319628,0.1,1.0,optimal,0
2007-12-28,0.20000000044417873,0.09520301953443724,0.1319558508650481,0.12284112814844089,5.459915711358995e-11,0.1250354305693863,0.12496456951700563,7.969165464677022e-11,0.19999999974126714,0.0,1.045945213377556e-09,2.0,0.4307165748649218,0.0002153582874324609,0.0931366252947175,0.1,1.0,optimal,0
2008-01-31,0.20000000169415738,6.080556347995341e-09,0.1823077848632814,0.16769220038459065,4.4144352048603416e-10,0.1535810195615376,0.19398516019424178,9.466235279700057e-10,0.1024338184797848,0.0,7.353783063921987e-09,2.0,0.3235848947642744,0.00016179244738213718,0.09241024364879913,0.1,1.0,optimal,0
2008-02-29,0.20000000264264103,7.752571774125254e-09,0.17465262382733346,0.17534736046639232,7.489969098835838e-10,0.13520075256996247,0.19999999818036146,1.3163667080974806e-09,0.11479924657116361,0.0,5.924210359168102e-09,2.0,0.07978639144737254,3.9893195723686274e-05,0.09484977100713343,0.1,1.0,optimal,0
2008-03-31,0.20000000095259204,0.004898839464354027,0.1549577155351482,0.19014344731728997,0.007804737887164569,0.27566140831303176,0.1282523220983366,0.034746415338465404,0.0035351082980269173,0.0,4.795590403884059e-09,2.0,0.3864245606745921,0.00019321228033729605,0.09999999954021474,0.1,1.0,optimal,0
2008-04-30,0.20000000052413122,8.354721564556055e-09,0.17143699064990348,0.17856299400358155,9.248809074754701e-10,0.2021588111701349,0.17098028400139922,1.0276038585262701e-10,0.07686090367214654,0.0,6.596340183710342e-09,2.0,0.26734694133147874,0.00013367347066573938,0.09771548552109378,0.1,1.0,optimal,0
2008-05-30,0.20000000013445754,0.024620022706380588,0.15257744057098474,0.15398241847226068,0.0038982824166770604,0.24610171501829622,0.1999999999291606,1.953132426374162e-09,5.544672441236916e-10,0.0,0.018820118244183004,2.0,0.23454581501013974,0.00011727290750506987,0.09999999987291908,0.1,1.0,optimal,0
2008-06-30,0.2000000023507166,0.05224049464016366,0.15094344994222053,0.14681604260870126,6.284490530424384e-09,0.24999999023406902,0.19999999755363063,2.822476081560445e-09,7.73862852478228e-10,0.0,1.2789668843021833e-08,2.0,0.09216618937785359,4.60830946889268e-05,0.0986430325107837,0.1,1.0,optimal,0
2008-07-31,0.2000000001324802,2.6189318201973814e-09,0.16452974298731682,0.1821369151499351,2.1509942181995047e-10,0.24999999964669034,0.19999999985825265,1.6405687256033494e-10,5.682204350958966e-11,0.0,0.0033333391704148153,2.0,0.10985195314149719,5.49259765707486e-05,0.09912959578172016,0.1,1.0,optimal,0
2008-08-29,0.20000000077720212,0.009060843117632321,0.14631688820989186,0.14304997824463256,3.305901731447562e-07,0.20980366692347746,0.16352218038422223,3.6760383450011614e-09,4.5531542606456715e-10,0.0,0.12824610762141442,2.0,0.26712957844344876,0.00013356478922172437,0.09329071887858296,0.1,1.0,optimal,0
2008-09-26,0.20000000164445508,6.5782598528174635e-09,0.12775153680939302,0.11138716438551932,0.0060147669550354894,0.2315078138297501,0.1455505736887767,0.03569485319850447,1.0716563609252591e-09,0.0,0.14209328183864958,2.0,0.14416188001064742,7.208094000532372e-05,0.09999999934155157,0.1,1.0,optimal,0
2008-10-31,0.2000000000047661,0.015619008339018524,0.2316226040174931,0.22960243884830908,0.008839578116100361,0.07959510594529452,0.03749188759001921,0.021365914000453824,0.02586346322443011,0.0,0.14999999991411522,2.0,0.5250924915065562,0.00026254624575327814,0.13621573443249937,0.1,1.0,optimal,0
2008-11-28,0.20000000000149945,0.013128969199142547,0.23221643179878365,0.2247927034356764,0.004022511864244596,0.07623997454110168,0.041629077712333803,0.030132740753421705,0.027837590752570803,0.0,0.14999999994122543,2.0,0.057009083649043016,2.850454182452151e-05,0.164861461522784,0.1,1.0,optimal,0
2008-12-30,0.20000000000225296,0.02298005149741698,0.21813647774879003,0.2112963444078317,0.003797605952288617,0.0757115007669357,0.04486296618701605,0.04202550458059852,0.03118954892157644,0.0,0.14999999993529306,2.0,0.09818310215456541,4.9091551077282705e-05,0.13375307113653423,0.1,1.0,optimal,0
2009-01-23,0.20000000000385873,0.02969453592697565,0.20602657746386568,0.20107652887500407,0.0035619666073729507,0.07471545985025026,0.0508264526775015,0.04386704158894778,0.04023143710438545,0.0,0.14999999990183788,2.0,0.07307075047052894,3.653537523526447e-05,0.12952002165762633,0.1,1.0,optimal,0
2009-02-27,0.2000000000018118,0.034325655127631874,0.1972116859487433,0.1903990399521146,0.003871799464295056,0.0866887645314376,0.06122342439979234,0.03877293681712184,0.03750669380042045,0.0,0.14999999995663105,2.0,0.0712138672085918,3.56069336042959e-05,0.1204600681319925,0.1,1.0,optimal,0
2009-03-31,0.2000000000077558,0.020179225852699663,0.18518519696118133,0.18444415455803126,0.0025371694019131748,0.098513994034444,0.06706566807044208,0.04056029935100751,0.05151429207791787,0.0,0.14999999968460737,2.0,0.08776613587900856,4.3883067939504276e-05,0.12685453186410825,0.1,1.0,optimal,0
2009-04-30,0.20000000000632154,0.030879392253010507,0.16765476390118206,0.16571949631601235,0.0044462632389184005,0.11661539196036494,0.05906266886747255,0.05426802810030838,0.051353995646861765,0.0,0.1499999997095476,2.0,0.09363718502302668,4.681859251151334e-05,0.11020756180800759,0.1,1.0,optimal,0
2009-05-27,0.20000000009456756,0.06968210003174449,0.11860888885657361,0.11447344871623681,9.748918067933985e-10,0.18568878982728612,0.09859178817023218,0.04786864267561774,0.0767499590136034,0.0,0.0883363816392463,2.0,0.31347468047440824,0.00015673734023720413,0.09999999998412236,0.1,1.0,optimal,0
2009-06-30,0.20000001700989206,0.06120299092185102,0.1521550883700345,0.13662696760918946,2.774686848516646e-09,0.04161137100694646,0.12926846093852876,0.07912016524400986,0.1999999998892633,0.0,1.4936235597892528e-05,2.0,0.47190695734381943,0.0002359534786719097,0.09662314955574174,0.1,1.0,optimal,0
2009-07-31,0.2672661613591405,0.14380869232466031,0.0734649441186746,0.0654601940668766,0.038341245710671594,0.03018485784629774,0.11984800213373843,0.061625893772090067,0.1999999996998556,0.0,8.96799470692363e-09,2.0,0.3701643819104714,0.00018508219095523571,0.0999999996951433,0.1,1.0,optimal,0
2009-08-28,0.2883272909484604,0.1499999975166185,0.05607857824348046,0.055594132291215806,0.10650599255103742,0.07164052862635013,0.15744844826853943,0.04730243386297046,0.06710259562204084,0.0,2.0692866462273733e-09,2.0,0.28409550010437,0.000142047750052185,0.09999999983755617,0.1,1.0,optimal,0
2009-09-30,0.25084885651253913,0.149999998671441,0.04801603335129209,0.10113510966846365,0.047708675947370556,0.09222926658983241,0.18024987931234782,0.08500709082053987,0.04480508650762974,0.0,2.6185438057543703e-09,2.0,0.23680721108122246,0.00011840360554061124,0.09527761313020014,0.1,1.0,optimal,0
2009-10-30,0.2377398025887819,0.1462201447303994,0.07365799455286819,0.09238205653344383,0.007592574001026882,0.1389800847810114,0.11838087562105298,0.003134617088681091,0.18191184691913187,0.0,3.1836024647736004e-09,2.0,0.4029872610637421,0.00020149363053187106,0.09999999977612391,0.1,1.0,optimal,0
2009-11-30,0.29533075256811286,0.11301390244124061,0.05790221387415657,0.08375313092629397,5.329926850545204e-10,0.1904966951366538,0.12556145012796263,1.420663813957818e-10,0.13394185393750696,0.0,3.1301341220221657e-10,2.0,0.20646656239287722,0.00010323328119643862,0.09999999957826532,0.1,1.0,optimal,0
2009-12-30,0.3141258526026743,0.11267823397408037,0.05797407029932914,0.06522184199832524,0.22283356721939587,0.059670639606838154,2.445741525158822e-07,1.050624869970588e-09,0.1674955472448758,0.0,1.4297037109277764e-09,2.0,0.515705876325531,0.0002578529381627655,0.09999999897821195,0.1,1.0,optimal,0
2010-01-29,0.23665042922439514,0.10220251768863771,0.10404976879310314,0.09204578800469321,0.1102016444625111,0.2047158103371736,0.07136167171554163,0.01862167293374594,0.0450991944159513,0.0,0.015051502424247206,2.0,0.624750123664905,0.0003123750618324525,0.08063170719529303,0.1,1.0,optimal,0
2010-02-26,0.2822529042496014,0.04048853143774375,0.10239711032623533,0.07564792046440778,0.14358548273961985,0.15679151974178646,0.11495403743320347,5.126225578197866e-09,0.03466895269936796,0.0,0.049213535781808454,2.0,0.3025062963891964,0.0001512531481945982,0.08738738599570472,0.1,1.0,optimal,0
2010-03-31,0.28203802525272853,0.14999999963757224,0.06648928819900617,0.05147267117254135,0.1890066072994259,0.028446853546596956,0.12379923252000778,8.267719761758375e-10,0.10874730560117377,0.0,1.594417536553335e-08,2.0,0.4555552483842044,0.00022777762419210222,0.09028921223996303,0.1,1.0,optimal,0
2010-04-30,0.2971608321317268,0.11436577714883073,0.06733523613197845,0.05812160735397363,0.0031069209105184367,0.2696085537746823,0.16834159897176043,0.00894292360867546,1.8904890701238988e-09,0.0,0.01301654807736469,2.0,0.6463149576757883,0.00032315747883789416,0.09999999960558846,0.1,1.0,optimal,0
2010-05-28,0.20000000059306633,0.027137309457716554,0.12685825309359153,0.10975790173275983,3.748559009733103e-09,0.2687819267978218,0.1488991432914136,5.2971565414314e-09,0.03231891009691722,0.0,0.08624654589099758,2.0,0.4215863126911792,0.0002107931563455896,0.09999999958174717,0.1,1.0,optimal,0
2010-06-30,0.20000000072886942,0.03395078109528996,0.15535898974430112,0.1476780564689722,2.0519431447828784e-09,0.28861398634137747,0.15207214083209347,0.009313867957029383,1.015134941550992e-09,0.0,0.013012173764988777,2.0,0.19477595730419758,9.73879786520988e-05,0.09999999935371698,0.1,1.0,optimal,0
2010-07-30,0.21385727246842548,0.14999999956407548,0.10627471780427124,0.07986800756717521,1.8514723494288805e-09,0.1581702943898882,0.1410256906523128,1.0339965909288449e-09,0.15080401173372146,2.4360044306978596e-09,4.986568966191027e-10,2.0,0.525498041571217,0.00026274902078560853,0.09054784642993263,0.1,1.0,optimal,0
2010-08-31,0.20000000005013524,0.0861043418872932,0.141914063820688,0.11688125465122522,2.2280376362383305e-10,0.22296120443022185,0.1436232187097566,1.445949132238741e-10,0.08341557642737961,0.005100339548416502,1.0748497088388404e-10,2.0,0.2684002345088447,0.00013420011725442235,0.08830326396039952,0.1,1.0,optimal,0
2010-09-30,0.26877746501392286,0.14999999892991533,0.08085123012631905,0.050371288986199914,8.296181509898164e-07,0.1923938045520024,0.1999999994508377,0.018488509730720946,0.039116855107095394,1.7035859348523508e-08,1.4489760403341655e-09,2.0,0.3800536093270535,0.00019002680466352677,0.09149147337135116,0.1,1.0,optimal,0
2010-10-29,0.253094900083094,0.14999999600516192,0.06427100736890251,0.05932263694529381,0.024865183442912893,0.10996672909929013,0.15322189538772382,1.9053081906922248e-08,0.16194617173249645,0.02331145487414193,6.007900541227874e-09,2.0,0.36109719106293325,0.00018054859553146664,0.0999999994929007,0.1,1.0,optimal,0
2010-11-30,0.2830769833891593,0.08893096451892749,0.0951310397106974,0.08286100923474866,5.7889738644905574e-08,0.15122518547724287,0.1999999985064464,6.4426798453758055e-09,0.09877475047169831,2.476042625335076e-10,4.111056720245547e-09,2.0,0.30732548093686995,0.000153662740468435,0.099999967149464,0.1,1.0,optimal,0
2010-12-30,0.20000000139627871,0.12667896415369673,0.08859663676495737,0.08212805380001328,0.13445569312923286,0.12144309055016865,0.1250044132858585,0.06141899840829908,0.007677803915838045,0.052596339857981365,4.7376753704527536e-09,2.0,0.5756639108387929,0.00028783195541939643,0.09999999997187253,0.1,1.0,optimal,0
2011-01-31,0.20000016303326024,0.12944483884850422,0.07320071056469914,0.07846505851104,0.13456111777209204,0.11718383894778606,0.0618152286438925,0.08052364230475262,0.055916161160426164,0.06888923096304615,9.250500962503502e-09,2.0,0.1659365336177284,8.29682668088642e-05,0.09999999988809306,0.1,1.0,optimal,0
2011-02-28,0.2865216940808659,0.14999999939844136,0.050055347405917175,0.04685249371052117,0.047114068717086316,0.06522442831472147,0.18515850160710623,0.01205978342539727,0.14044321777278232,0.01657046540609661,1.6106424761147728e-10,2.0,0.6530679707022472,0.0003265339853511236,0.09999999969549003,0.1,1.0,optimal,0
2011-03-31,0.3327534992832281,0.101772847808974,0.04832148354790702,0.06715216776918993,0.06642233757462697,0.15088566623411592,0.19999999777380476,1.2700897728806204e-08,0.032691982823104225,5.666000823220373e-10,3.917551386211457e-09,2.0,0.35431257779703196,0.00017715628889851599,0.09999999698279803,0.1,1.0,optimal,0
2011-04-28,0.20000000011894983,0.12678002428761037,0.07880844294864764,0.09671655521246678,0.1127118151598946,0.1307766533591169,0.15264560069671707,0.04269040354603423,0.011175527127271033,0.04061881979342023,0.007076157749871308,2.0,0.4674976465796369,0.00023374882328981844,0.09999999999540485,0.1,1.0,optimal,0
2011-05-31,0.20000000007087182,0.11744281436256017,0.10186986549634269,0.0897630750510695,0.12968071446294868,0.14546211281423296,0.15856004292690906,0.01629712950820445,1.5677644696874133e-10,0.04092424491141989,2.3866431330725994e-10,2.0,0.2917659402821011,0.00014588297014105057,0.09999999999228232,0.1,1.0,optimal,0
2011-06-30,0.30037197937774235,0.10978218557380517,0.08245718946834345,0.05545323293630915,0.1607111725388745,0.09831058150000883,0.17757297857248414,0.013405265910018416,1.257852555054905e-09,0.0019354125890314474,2.7552998868397517e-10,2.0,0.35207756762769776,0.0001760387838138489,0.09701737286648068,0.1,1.0,optimal,0
2011-07-29,0.21558974214707535,0.14999996284729814,0.07146381906235515,0.11294643279657182,0.05848305816760962,0.2085369679355178,0.1829795818317805,3.89355833179595e-07,1.4624876423129263e-09,4.243440288659374e-08,1.9590676901240794e-09,2.0,0.41295496843184765,0.00020647748421592384,0.09416460586082968,0.1,1.0,optimal,0
2011-08-31,0.2000000000626513,0.09299481201030686,0.11410348157164196,0.12422477016840931,2.3970686057918805e-10,0.2999999996416769,0.13437027057866394,0.015629729083435673,3.2960156234674526e-10,2.9484427575977965e-11,0.018676936284421294,2.0,0.3114089054060276,0.0001557044527030138,0.09999999996552164,0.1,1.0,optimal,0
2011-09-30,0.20000000013058492,0.04444047300486813,0.18019420290862856,0.15770354002356624,0.020373358966899978,0.15599500151331294,0.08075346771732377,0.010539956742119565,1.8619591704272013e-10,3.540089292436999e-11,0.14999999877109899,2.0,0.4449994869820601,0.00022249974349103005,0.09999999995391959,0.1,1.0,optimal,0
2011-10-31,0.2000000001783851,0.10950268825589178,0.11284801960171241,0.1151729268862153,0.00022010187475718119,0.21870135044800293,0.11888862962430517,0.06547887855245252,0.0467110340019338,0.006750702362874101,0.0057256682134698075,2.0,0.526270276395384,0.000263135138197692,0.09999999996616554,0.1,1.0,optimal,0
2011-11-30,0.20000000024451417,0.09302078680351444,0.12724669523020146,0.12337943806706249,0.008518860064861364,0.22636736963306647,0.07501349054442955,0.030246806539504123,0.008674503213357726,0.024813815320518712,0.08271823433896949,2.0,0.24741349644741184,0.00012370674822370593,0.09999999992235364,0.1,1.0,optimal,0
2011-12-30,0.2077514395727436,0.14054344881117903,0.1211838832504131,0.1000536167985913,0.1281218164231209,0.07276657531651204,0.037507922878480086,0.06692462260805672,6.879047070320856e-09,0.06737962093323811,0.05776704652861798,2.0,0.46771776866412923,0.00023385888433206462,0.09999999987852665,0.1,1.0,optimal,0
2012-01-31,0.2558003133099342,0.14999999948385973,0.05518683964206765,0.07623743580641437,0.143169970022329,0.2079174169799576,0.09891261249143248,4.1265509486378746e-10,5.678823607377658e-11,0.012775411552757087,2.4180463971180585e-10,2.0,0.5366578601638259,0.00026832893008191293,0.08904894275382946,0.1,1.0,optimal,0
2012-02-29,0.33090546830557577,0.1499999951963308,0.021910528712006695,0.03068976068075098,0.10910431686179928,0.1799652925074437,0.11941421668443071,0.04151616167522129,9.810625004186463e-09,0.016494244630693464,4.935122285352913e-09,2.0,0.2644000431829891,0.00013220002159149456,0.09689710492765428,0.1,1.0,optimal,0
2012-03-30,0.28996662496082826,0.1404918807062218,0.04694799633360559,0.04615197120076208,0.22518127968685878,0.0995276911208672,0.05362746033736256,0.07166356839903938,1.6352521289700872e-10,0.02644152666400807,4.2692098195394896e-10,2.0,0.383589070837736,0.00019179453541886803,0.08827070821570966,0.1,1.0,optimal,0
2012-04-27,0.25158009768536344,0.14999999910647815,0.03203595978864625,0.04774942727033336,0.2499994368742617,0.11742084391307937,0.02416682678488847,0.043365170166255414,1.2046392538316925e-08,0.08368222517825624,1.1860452457839851e-09,3.0,0.20777260454901306,0.00010388630227450653,0.09999993071130626,0.1,1.0,optimal,0
2012-05-31,0.2000000003133159,3.200733309248266e-10,0.11015299346992624,0.16568310501960695,0.24999999967660705,0.002584547486658862,1.4445615651366633e-10,4.1132747357401113e-10,0.07157935336324071,0.09999999926947949,0.10000000052530765,3.0,0.7431324557542168,0.00037156622787710845,0.09025548667303472,0.1,1.0,optimal,0
2012-06-29,0.20000000072459342,0.04484273890734688,0.11703643624572523,0.11236015317313389,0.082502575360369,0.17665421612498922,3.684422966401708e-10,0.06660393788552488,1.861146033186581e-10,0.09999999998555302,0.09999994103820768,3.0,0.6081141220173684,0.0003040570610086842,0.08608615505390493,0.1,1.0,optimal,0
2012-07-31,0.20000000006915955,0.019727768146750466,0.10359797509790886,0.11183923121278555,0.24999999991470082,0.11483501712872866,1.5319412778898738e-10,1.0956349375788137e-08,3.293647856236636e-11,0.09999999999155115,0.09999999729593491,3.0,0.3657355659690304,0.0001828677829845152,0.09640055819458922,0.1,1.0,optimal,0
2012-08-31,0.21202778008975146,0.10683858438423795,0.08024119891574567,0.07763009918784934,0.1393063410624447,0.13594786238813322,0.17474579428125842,1.3705200153684042e-09,1.7816658724701292e-10,0.07326232905391214,9.08798044321673e-09,3.0,0.5805939995182617,0.0002902969997591309,0.09775199078407737,0.1,1.0,optimal,0
2012-09-28,0.2000000129970362,0.12469634562466683,0.08081986076092679,0.04448377084594774,0.10411811006428608,0.16061820899035922,0.18526365248509,2.5262538612615204e-08,9.832728400293478e-10,0.09999999989489616,1.2090979582396803e-08,3.0,0.1321434562748309,6.607172813741545e-05,0.09292193449165295,0.1,1.0,optimal,0
2012-10-31,0.21459935310912184,0.13669504286307402,0.12542077200122342,0.11624788611512837,0.15493971705674872,0.09420245529895063,0.05789047631883324,4.157951082485277e-06,3.0448446740873785e-09,0.09999999673589292,1.3950509944245946e-07,3.0,0.37375757994916553,0.00018687878997458276,0.09135549215597573,0.1,1.0,optimal,0
2012-11-30,0.20000001307856208,0.11999600730914703,0.08815964338681118,0.09744240137807757,0.0914143249461613,0.18032822221143777,0.1068359077947293,0.01582347806115011,4.345160432163681e-10,0.0999999999054697,1.4939379010430808e-09,3.0,0.3032599576104704,0.0001516299788052352,0.08656874652467178,0.1,1.0,optimal,0
2012-12-28,0.2000000017197184,0.1441428702490658,0.08882710940495019,0.09678856597630643,0.16318177801220804,0.0024432663649997,7.686325392787683e-10,0.19397189294321435,0.010644514023305145,0.09999999983064772,7.06951600530556e-10,3.0,0.5559756702005276,0.00027798783510026384,0.0845566174333721,0.1,1.0,optimal,0
2013-01-31,0.26787646230747375,0.14999999863815242,0.014819674268716996,0.017303874405818934,0.18994607225027182,7.719516277671642e-05,0.050793515218720206,0.10144670266418251,0.10773650459560395,0.09999999997139955,5.168833023163398e-10,3.0,0.521468634037076,0.000260734317018538,0.09384796567587546,0.1,1.0,optimal,0
2013-02-28,0.2517770790359318,0.09350341557266187,0.05776718963408821,0.04873775226705606,0.23620612546110475,2.2493889714655436e-08,7.644384323565575e-10,0.11874140794376618,0.09326699788937264,0.09999999995486727,8.982823105217817e-09,3.0,0.3042111150635061,0.00015210555753175306,0.09605120176935092,0.1,1.0,optimal,0
2013-03-28,0.20000000128665843,0.08936300284499632,0.08197821086722633,0.08335219007420172,0.14093746673738478,0.037868212032058195,1.2969188281660941e-09,0.1281171232481749,0.06312841588152908,0.08251978870828143,0.09273558702256998,3.0,0.47306430685939405,0.00023653215342969703,0.09999999997540462,0.1,1.0,optimal,0
2013-04-26,0.24007756302874889,0.12970428021562352,0.07425500477209032,0.07264193042308055,0.1837740249084003,0.05843930682544018,2.0710861449909323e-09,0.18985509273050305,0.007804611594035394,0.036057183158703016,0.007391000272288649,3.0,0.45250658897262347,0.00022625329448631174,0.09999999975534726,0.1,1.0,optimal,0
2013-05-31,0.2928847451801945,0.1323684781511526,6.505936174363469e-09,2.9867627153473922e-09,0.1643236209352529,0.0064658778418668445,1.0846749889732822e-09,0.19999999812866331,0.0711812817498547,0.09999999964841651,0.032775987787224875,3.0,0.41764409834408817,0.0002088220491720441,0.09999999896738744,0.1,1.0,optimal,0
2013-06-28,0.34307938768989366,0.03142376340842582,0.0285045446820355,0.01072232580375596,0.1472937900610242,0.10270619818785022,2.2033331014487666e-09,0.1999999931935638,5.015827118036749e-09,5.680426326246581e-10,0.13626998918624797,3.0,0.5541863539678897,0.00027709317698394487,0.09999999922871895,0.1,1.0,optimal,0
2013-07-31,0.3141509502177703,0.14999999751052112,0.015566751209382857,0.026998400390529892,0.21425965277780454,0.08749671888652132,9.80297087618949e-10,0.13191251463680753,3.107771570360283e-09,0.059615004228104375,6.0544893678447265e-09,3.0,0.5264986502032823,0.0002632493251016412,0.09999999989938112,0.1,1.0,optimal,0
2013-08-30,0.297438630667341,0.1499999972505114,0.04351040595926115,0.008292613608056195,0.06520947144611285,0.15995439163365022,2.638693238911222e-09,0.13013257268476963,8.81094834002246e-09,0.09999999991725202,0.04546190538340411,3.0,0.3278216222268558,0.0001639108111134279,0.09999997622168005,0.1,1.0,optimal,0
2013-09-30,0.29999566011170425,0.14999999968939873,0.028336637900316278,0.012395643198144369,0.11918294372302572,0.04137623966574485,1.8896945686186325e-10,0.19999999986163247,0.048712875494370325,0.09999999998488684,1.8180663720353741e-10,3.0,0.340132724768542,0.000170066362384271,0.09465299698392844,0.1,1.0,optimal,0
2013-10-31,0.3262366320835132,0.1499999942394055,0.08897316548320167,0.011500595665723869,0.10653834934341376,0.0692850586592602,7.016146883819937e-08,0.14560012183090237,1.5959862958638952e-08,0.099999999726328,0.0018659968469195948,3.0,0.27893186111995816,0.00013946593055997908,0.0999999992339595,0.1,1.0,optimal,0
2013-11-29,0.200000003312589,0.12890419793010194,0.08855062528278167,0.07839154167727462,0.06947475413191619,0.06604410025697412,5.8855673236743776e-08,0.1401373023891108,0.08344863838911645,0.07474820585165744,0.07030057192280464,3.0,0.6659166309977355,0.00033295831549886776,0.09999999990053189,0.1,1.0,optimal,0
2013-12-30,0.36597663198079045,0.14999999797668326,0.051380083390641124,0.019145336002974273,0.16674387319244044,0.012909340780078415,5.8111112557824e-09,0.19999999155181114,4.223864811540522e-09,0.03384471185148661,2.3238118289657502e-08,3.0,0.6374143784070114,0.0003187071892035057,0.09999999898089038,0.1,1.0,optimal,0
2014-01-30,0.29847559952075475,0.14778174487029366,0.13034470440098717,0.021475982500432467,0.1285912253131694,0.07074052239731908,2.1239238777576066e-09,0.11770412532584273,1.7074520543306397e-09,0.08488606271131581,2.912850894917892e-08,3.0,0.3660316516822609,0.00018301582584113045,0.09710458309226752,0.1,1.0,optimal,0
2014-02-28,0.3042561844677381,0.14999999743257844,0.06034413293385917,0.03539969129469316,0.24999998836921844,0.14876162046989433,2.3564092522605716e-09,0.051238380794203786,6.003417228990503e-10,1.8485467150364582e-10,1.0962088846093927e-09,3.0,0.4074640314152037,0.00020373201570760187,0.09113975316686171,0.1,1.0,optimal,0
2014-03-31,0.33963935591332484,0.14999998978382645,0.11667771873485261,0.07974998633243512,0.2499999988616097,3.560852865008548e-09,5.54051562394468e-10,0.06393293999435275,1.1408498501195427e-09,1.1837450138167445e-10,5.005469708251762e-09,3.0,0.2962083901927843,0.00014810419509639214,0.09480772433379649,0.1,1.0,optimal,0
2014-04-30,0.3656872517023999,0.14999999954159846,0.08552285128890764,0.07141537879304281,0.2499999996396893,1.933324277917145e-09,1.5835686410586943e-10,0.07737451583252383,3.3025172050989174e-10,1.0267843134489385e-10,6.772266107783302e-10,3.0,0.09049181801814854,4.524590900907427e-05,0.09743936095856154,0.1,1.0,optimal,0
2014-05-30,0.23358408394782249,0.1344728362120597,0.09939300481890839,0.09697060468021876,0.2090836480385997,1.3306296627933973e-07,3.4020741661425708e-09,0.10163412305821015,1.219884311011122e-08,0.07267562781290675,0.05218592276739037,3.0,0.37767823418946717,0.0001888391170947336,0.09999999965219977,0.1,1.0,optimal,0
2014-06-30,0.24211459661638118,0.12280095337325585,0.06225437270151876,0.07217426582570356,0.1642050261042116,0.06080043109625431,0.0664738371344437,0.12566390925064524,5.211214205699284e-10,0.08351260665987781,7.165865922682766e-10,3.0,0.32893145509600197,0.000164465727548001,0.09999999995698418,0.1,1.0,optimal,0
2014-07-31,0.2911789171459646,0.0642483201498545,0.06306892147733621,0.05325988297091462,0.18800039573397168,1.530687477809656e-08,1.4787028242770658e-08,0.12948873519442575,0.13250504291635082,2.4764749640790464e-09,0.07824975184080399,3.0,0.5614488303239821,0.00028072441516199104,0.08284884332809218,0.1,1.0,optimal,0
2014-08-29,0.3602270061332605,0.06295703475196653,0.07723669746347311,0.07241819049295851,0.21254603068859937,2.2575246856251122e-08,1.2941810401278284e-09,0.053246729816975646,0.04208197013627674,5.525200113728261e-10,0.11928631609454153,3.0,0.319121378615255,0.00015956068930762752,0.0914415172294577,0.1,1.0,optimal,0
2014-09-30,0.3185005066222053,2.5323865280790567e-10,0.1116119481527672,0.0030737554356385123,0.16358630920939812,5.092285232556439e-11,2.511032631564683e-11,0.053227483324353154,0.19999999976842797,1.3890187175850536e-11,0.14999999714404774,3.0,0.42522212639466583,0.00021261106319733292,0.09078642393717402,0.1,1.0,optimal,0
2014-10-31,0.3897257225108735,1.037007216719555e-09,0.04606778091687481,0.004126355376239904,0.24999993304044282,1.5988425880197563e-10,1.0653289909254752e-10,0.07492520582609981,0.12507486040967192,7.853264623365145e-11,0.1100801405378404,3.0,0.3484900417277986,0.00017424502086389932,0.09999999965883866,0.1,1.0,optimal,0
2014-11-28,0.3380755381857375,1.3942798523346836e-09,0.08280863365048935,0.04167933660632772,0.1817585521071302,6.233593720467318e-10,2.045668368862746e-10,0.06824144312011107,0.19999999951628544,0.04158859626481887,0.045847898326893885,3.0,0.36381444632424664,0.00018190722316212333,0.09287880460957566,0.1,1.0,optimal,0
2014-12-30,0.299986195406969,2.9853069685505256e-10,0.11114749728168136,1.5191535417404247e-09,0.20768802601015454,1.0507603584266429e-10,6.8469565963287e-11,0.04231197380493616,0.1999999999382444,2.2613894520001385e-11,0.13886630554417076,3.0,0.30813048193891096,0.00015406524096945549,0.09302775737144348,0.1,1.0,optimal,0
2015-01-30,0.21247297803273962,2.195741965911746e-08,0.09323969372948168,0.09428730726099095,0.24999999863450953,1.7837120767983244e-09,2.527195849707483e-10,0.04055023945294059,0.15924805244959458,0.00020173998657396007,0.14999996645931776,3.0,0.28907172740328146,0.00014453586370164072,0.08523941702621513,0.1,1.0,optimal,0
2015-02-27,0.2604633399399151,0.023741049521287957,0.06339019658220163,0.05240541675363953,0.17312391092970944,6.883499597765423e-10,6.779592131977777e-10,0.08942209437699278,0.18745399160265822,5.154761083823648e-10,0.14999999841181003,3.0,0.27114765094896787,0.00013557382547448393,0.08429007102726503,0.1,1.0,optimal,0
2015-03-31,0.2504969027712994,3.001506502553156e-09,0.10847796727024588,0.04102514414921682,0.20170817696375834,2.1920031812264433e-09,8.048981235326872e-10,0.04829180424241623,0.19999999956670708,2.876927114280308e-10,0.14999999875025574,3.0,0.16121610684453894,8.060805342226947e-05,0.08702342945341064,0.1,1.0,optimal,0
2015-04-30,0.24773779352691302,0.12267224168050844,0.09637470344113572,0.083215261419087,0.07969668914425966,6.019289175098134e-10,2.784697534794851e-10,0.17030330835437787,0.1999999998900033,3.5898565017712633e-10,1.3043305941671173e-09,3.0,0.5750123861346568,0.0002875061930673284,0.08344533009272609,0.1,1.0,optimal,0
2015-05-29,0.3198773366926599,0.07485728542458238,0.10878170894489604,0.06040625192527866,0.06926226275176095,1.5845042429949898e-08,6.846068745254465e-09,0.1668151006817732,0.19999999944378707,1.7054946754806768e-08,1.4389203810244633e-08,3.0,0.16921082928017264,8.460541464008632e-05,0.09317062891939698,0.1,1.0,optimal,0
2015-06-30,0.2819680319196824,3.254704572429343e-08,0.07980314395253897,0.0671560644193094,0.03281873714810971,4.952086193738225e-08,8.914958711074414e-09,0.199999995468713,0.15505382519029884,0.09999999948672941,0.08320011143175197,3.0,0.4338036811214572,0.00021690184056072858,0.09999999945042425,0.1,1.0,optimal,0
2015-07-31,0.24929894155632595,0.08291148686946381,0.08755500040950766,0.02150749141216209,0.13547541509197833,5.032114648021964e-09,2.2606561312416157e-09,0.13976862839671975,0.0834830642882349,0.07108953433772824,0.12891043034510843,3.0,0.4672410823719489,0.00023362054118597445,0.08401580585770486,0.1,1.0,optimal,0
2015-08-28,0.24365793375395653,1.6038117549703953e-08,0.1625528736860667,0.09252731238228878,0.13320141141718156,1.3554104236195081e-08,4.836357350407088e-10,0.11802995520757395,0.10003046924659188,1.469025039756882e-08,0.1499999995402328,3.0,0.3555078126551393,0.00017775390632756967,0.09735268451472288,0.1,1.0,optimal,0
2015-09-30,0.24023539039910916,1.3407495786611949e-09,0.21378263502584516,0.07742719656631085,0.24999999951352306,5.541207145825182e-10,2.72985531024253e-10,0.03420881265085877,0.009718637891889184,0.024627326187226708,0.14999999959738133,3.0,0.3717633912669698,0.0001858816956334849,0.08915535718347575,0.1,1.0,optimal,0
2015-10-30,0.3079149192904493,4.1708911986601777e-08,0.09208503369124503,1.0843272004744801e-08,0.173643356825078,1.3174467111643509e-09,1.5548617619480541e-09,0.11410412767968553,0.16225251081893588,0.09999999988888637,0.04999999638122743,3.0,0.7179625015827289,0.0003589812507913645,0.09999999765160687,0.1,1.0,optimal,0
2015-11-30,0.26437939422164486,1.225384178691549e-08,0.12285821102096586,0.012762383853133313,0.23979994092003717,3.887562296035861e-10,2.545929644098659e-10,0.0495571985215062,0.11064286088105467,0.09999999991975143,0.09999999776471549,3.0,0.3287392401428982,0.00016436962007144909,0.09672322480279762,0.1,1.0,optimal,0
2015-12-30,0.31564369017314725,8.836184105380613e-09,0.06675525201857034,0.017601077619951944,0.24400641201855328,3.349941970309048e-09,1.6484075652553963e-09,0.026749269159625663,0.12924429056710904,0.09999999874867817,0.09999999585983083,3.0,0.1728845263880688,8.644226319403441e-05,0.09999999814122433,0.1,1.0,optimal,0
2016-01-29,0.23292583860633914,2.997926281564628e-09,0.1729948232862531,0.11972321110986445,0.15642148741040046,0.025584007094228284,1.2656430695499063e-10,0.08102781653276829,0.056772609696513876,0.004550203294234167,0.14999999984490778,3.0,0.639753018136235,0.0003198765090681175,0.08133420931050256,0.1,1.0,optimal,0
2016-02-29,0.2000000002023376,1.2957967282738076e-10,0.117570091613201,0.09020362492026804,0.17153072984621115,0.13626277425869363,1.812158081617651e-10,0.0844327751195839,4.091594421793707e-09,0.09999999997129431,0.09999999966602038,3.0,0.4462472620489254,0.0002231236310244627,0.08154081604619252,0.1,1.0,optimal,0
2016-03-31,0.3097311267060982,5.625584067893669e-11,0.09436175607266949,0.06661760517386348,0.17273992318176698,2.788331667322588e-10,0.039748052705942956,0.029419252887112574,0.19999999768421634,0.08738228493071198,3.225290033120604e-10,3.0,0.6842678523705362,0.0003421339261852681,0.09737626952465764,0.1,1.0,optimal,0
2016-04-28,0.26854008841629723,9.205419003455216e-09,0.1107639402471036,0.07069595787037694,0.15808280606157674,5.7804912879735604e-08,0.19449783702654705,0.05338252240890792,0.04403677294448766,0.09999999865706202,9.357308919170576e-09,3.0,0.4032296420087079,0.00020161482100435396,0.08657889999798656,0.1,1.0,optimal,0
2016-05-31,0.25938155193474316,6.849839714538179e-09,0.09863493142933419,0.058071107731810456,0.2308364613069084,1.3145712853981749e-08,4.904914023130836e-08,0.15307587083819957,1.6445392203025733e-08,0.09999999628137098,0.09999999498754826,3.0,0.5408179143192874,0.0002704089571596437,0.0870573669297168,0.1,1.0,optimal,0
2016-06-30,0.2690611989969383,1.7855410667143103e-08,0.10127300547288974,0.08856483856204603,0.24578102212279387,1.0704916634165343e-09,0.12665301599680737,0.07756595782395077,2.270972322403562e-09,0.09110093675239334,3.0753060272942625e-09,3.0,0.38178111489659045,0.00019089055744829522,0.0933056566591265,0.1,1.0,optimal,0
2016-07-29,0.2635280206417411,0.013714599157152351,0.08769971377545982,0.0858723481826507,0.24999999649499322,0.02096949429455401,0.10425398681094762,0.07477651218271959,2.832625759217608e-09,0.0991853211659732,4.461182588555326e-09,3.0,0.10102414200285158,5.051207100142579e-05,0.08644734094555374,0.1,1.0,optimal,0
2016-08-31,0.23297240167178673,0.04100378287703185,0.12769894395387665,0.0973731991634592,0.23957574921881997,0.010424240781912812,4.531563100795264e-10,0.1999999993933207,3.2787524081555757e-09,0.026632845131660834,0.024318834076222574,3.0,0.43997534436764,0.00021998767218382002,0.08517232251638521,0.1,1.0,optimal,0
2016-09-30,0.2781451728038167,0.04130365610160466,0.0832926702975526,0.08673489783166734,0.21153214065813292,3.48560001348388e-09,1.9188837043649595e-09,0.19899145229596063,4.964197774913482e-09,0.09999999653522192,3.1073619000985326e-09,3.0,0.2322385440989026,0.0001161192720494513,0.0883916134744754,0.1,1.0,optimal,0
2016-10-31,0.2036634293837862,1.9125810754896864e-10,0.09788816743439924,0.09844840321123359,0.15488874807813977,7.535918053162738e-09,0.09051797729419024,0.1999999995322543,4.7052630688231864e-09,0.09999999998267418,0.054593262650883316,3.0,0.34533317943241754,0.00017266658971620878,0.07810203554384641,0.1,1.0,optimal,0
2016-11-30,0.28415483529712054,6.11906212199462e-10,0.052880849363518764,0.06296431489301293,0.1287171121790721,1.5311702410561377e-10,1.5938983429317662e-10,0.08504237815471094,0.1862405093205821,0.09999999993168392,0.09999999993588567,4.0,0.6024120797825485,0.00030120603989127425,0.08327915814430155,0.1,1.0,optimal,0
2016-12-30,0.24628518788094428,0.07930659158430904,0.02867474770120007,0.04573347515253705,0.24999999924511657,1.0175866709238299e-10,1.7431907493559359e-10,0.1499999984673594,6.559068603230872e-11,0.09999999998841945,0.09999999963844589,4.0,0.5334589278474697,0.0002667294639237349,0.08701914715258438,0.1,1.0,optimal,0
2017-01-26,0.24299895045397815,0.1499999937127786,4.143553584827244e-06,0.006996971181003553,0.18280708601372633,7.97474546815788e-10,1.3469616578386238e-09,0.181278954283439,0.08591395583940875,0.09999999992697825,0.049999942890666345,4.0,0.37688511957943466,0.00018844255978971733,0.08621796550902525,0.1,1.0,optimal,0
2017-02-28,0.2650419087419624,0.10933798721482008,1.6264270086613254e-08,0.05505863426282809,0.16572320634554027,7.796496436852045e-08,0.12456073105762701,0.10016532802434405,0.059550653158274285,0.0999999997821814,0.02056145718318791,4.0,0.39729025768920273,0.00019864512884460136,0.08044087185643094,0.1,1.0,optimal,0
2017-03-31,0.26836723273300467,0.05555145204697773,8.04320925695824e-07,0.07608051189019453,0.13611314880453507,1.8368612305799397e-09,0.0970799811807767,0.12555533427043553,0.09125149922050863,0.09999999992676815,0.050000033769012034,4.0,0.22896373431807265,0.00011448186715903633,0.08044835217021586,0.1,1.0,optimal,0
2017-04-28,0.21924212348675037,0.06342113641331294,0.08607191491575424,0.09289777957814906,0.12220013429706994,0.1394192195832515,2.6502792729020126e-09,0.17371647057409534,0.003030681483909377,0.09999999977215374,5.372452744013698e-07,4.0,0.6012183706545697,0.0003006091853272849,0.0793736357064303,0.1,1.0,optimal,0
2017-05-31,0.20000000451394606,0.14999587411283313,0.04572229897047067,0.05428182587806851,0.04996418246005534,0.09712797890393726,4.409265778161003e-09,0.15643600740991498,0.14647182250527221,0.09999999991445133,9.217848448486359e-10,4.0,0.4659168234337358,0.00023295841171686792,0.08483106792798527,0.1,1.0,optimal,0
2017-06-30,0.23980805393033977,0.14112702557869686,0.06906487744524495,4.1177043122828866e-08,0.12054882172327616,4.114215341178832e-09,1.3950848225395444e-09,0.1294511745780123,0.19999999597097,0.09999999976284965,4.324267062608947e-09,4.0,0.36686634906022875,0.0001834331745301144,0.0955240865812126,0.1,1.0,optimal,0
2017-07-31,0.20000001212337196,0.14999995698231774,0.061236195164174216,0.03876383658594323,0.15264195897961258,0.03201145076780155,1.3031059404154067e-05,0.07334384999782718,0.19198970403144747,0.09999999979754103,4.510558842775841e-09,4.0,0.23071577358457715,0.00011535788679228858,0.08976241364897987,0.1,1.0,optimal,0
2017-08-31,0.2027506165816766,0.12653863728146716,0.05799809213573643,0.06271265393192288,0.04442896244347529,0.10822047487548132,0.09144941907244956,0.005916225956186159,0.19998491675235883,0.09999999996826558,1.0009801843464197e-09,4.0,0.44891685752671284,0.00022445842876335641,0.08386511332843659,0.1,1.0,optimal,0
2017-09-29,0.2312232531138988,0.1499999997982581,0.06688948789425483,0.03947229436457174,0.12240181706162168,0.02076150175034811,2.250435682125287e-10,0.12744473281693805,0.14180691251778704,0.09999999995325708,5.040210844471775e-10,4.0,0.5149413860905571,0.00025747069304527854,0.08730513033540425,0.1,1.0,optimal,0
2017-10-31,0.2042066804475082,0.13951556487347452,0.04663769778521923,0.024104643966369146,0.03440672098136091,2.1821693081279825e-09,2.0816484818356047e-10,0.19999999968769774,0.19890441911417206,0.09999999997918091,0.05222427077468326,4.0,0.3723879064331217,0.00018619395321656086,0.09364587938744817,0.1,1.0,optimal,0
2017-11-30,0.23828052294484797,0.12939903344333878,0.04132070218610591,0.028290426642466174,0.04086771108525331,0.0377453384933836,3.211743109552536e-09,0.1999999924025424,0.1713869468626672,0.09999999947704277,0.012709323250608787,4.0,0.19290451484888974,9.645225742444487e-05,0.09999999946701936,0.1,1.0,optimal,0
2017-12-29,0.21254309261390517,0.1499999951438053,0.056646711119013704,0.04719994221350827,0.05824778819710001,0.10822207473720351,8.044757326424765e-09,0.0915826963311148,0.19194742840114426,0.08361025584657855,7.351869151610982e-09,4.0,0.3577957869541933,0.00017889789347709663,0.09999999902684581,0.1,1.0,optimal,0
2018-01-31,0.3082859886389595,0.14999999926862362,2.4372429662473532e-09,0.039296564656627606,9.134009340302422e-10,0.10492516567750808,2.022517667238684e-09,0.1450748312538061,0.199999999821708,0.052417445105641995,2.0396341711994154e-10,4.0,0.27511524565383816,0.0001375576228269191,0.09660174371128724,0.1,1.0,optimal,0
2018-02-28,0.3330600232271499,0.12076654398975203,0.027332107417320763,0.01720037709555088,0.01504376789398142,0.06349748423178293,9.470390827597922e-09,0.17145873937398426,0.19999999671195676,0.05164090820876189,4.23793683217249e-08,4.0,0.19398203826110982,9.699101913055491e-05,0.09999999967249494,0.1,1.0,optimal,0
2018-03-29,0.28558198660858025,0.07944385126685598,0.03100610158589164,0.1077742418117494,0.016886445693730014,0.04847962303719211,1.0308327522967465e-10,0.18463393116965804,0.19999999982489144,0.03820389022951868,0.007989928668849221,4.0,0.23260620075458407,0.00011630310037729204,0.09174012367042692,0.1,1.0,optimal,0
2018-04-27,0.26731070258535333,0.14999999837569353,6.540445744956297e-10,1.2098853923653467e-09,0.03753928603584529,0.08225015696631931,0.07504217940993539,0.19999999628019036,2.01265628888412e-09,0.08013132122670905,0.10772635524336749,4.0,0.6848582566289193,0.00034242912831445964,0.09999999992896291,0.1,1.0,optimal,0
2018-05-31,0.2724924135643728,0.1499999937988831,0.0043294307242116685,0.08832689398754107,0.20141167588112466,3.966960342886271e-08,5.2473586572447075e-09,0.19548172224838775,0.01732844462236072,0.0163023869784429,0.054326993277713245,4.0,0.5441834108681151,0.00027209170543405754,0.08696705035745021,0.1,1.0,optimal,0
2018-06-29,0.26415265278090955,0.12013697493574169,0.02300306710915411,0.11684152725402942,0.24999999906561327,1.517785150361316e-08,6.1534119000476064e-06,0.11556714040808808,2.0490728732086096e-09,0.010381511939282724,0.09991095586835672,4.0,0.2651931294482724,0.0001325965647241362,0.08603726509959025,0.1,1.0,optimal,0
2018-07-31,0.2787053490879681,0.14999999953022242,0.0029053326042382363,0.0846858304471734,0.19750916144378527,2.2484969172444415e-09,4.906297997449066e-10,0.14921015015116756,3.305278125004974e-09,0.0654832657555623,0.07150090493547778,4.0,0.2533973997696304,0.00012669869988481518,0.09067926002419424,0.1,1.0,optimal,0
2018-08-31,0.3496936555121058,0.055895749578256645,0.0907343286077767,0.07997412210291838,0.1772406833090711,1.0217401627316029e-10,7.031078886602946e-11,0.19999999950427277,7.849969052749004e-11,0.04646146091714539,2.1746871200614691e-10,4.0,0.39777482768997474,0.00019888741384498738,0.09478049720700497,0.1,1.0,optimal,0
2018-09-28,0.28169192922504444,0.06175943436973634,0.04028681757154255,0.021238025231377983,0.2167646335578401,8.462265393956003e-09,0.00024968396386500317,0.1999999961449034,6.40825550467003e-09,0.07580125768698505,0.10220820737818417,4.0,0.3671150111094511,0.00018355750555472557,0.09299483416501304,0.1,1.0,optimal,0
2018-10-31,0.2831279928514059,2.7440871152583445e-09,0.07738768844580614,0.05039660547447848,0.2499999940907662,4.121802870158774e-06,2.3359464063635918e-08,0.1726730255490004,0.0018969365443123895,0.014513610561055532,0.14999999857675358,4.0,0.2814500870362574,0.0001407250435181287,0.09039202491699554,0.1,1.0,optimal,0
2018-11-30,0.3363508878539582,7.93055760374964e-09,0.0849072566648582,4.4655813630804054e-08,0.24999999460311612,0.01151358582752495,1.2337545554963564e-08,0.18848598333749925,2.04716778187474e-08,0.0036538363178161225,0.12508836999963266,4.0,0.17358948264275265,8.679474132137632e-05,0.09682720287131077,0.1,1.0,optimal,0
2018-12-28,0.20000000183282404,7.098950328939112e-09,0.1922442220212572,0.06300681457838644,0.12290839928564426,0.16060337218574314,0.024821299807665093,0.14166692446629353,1.0943939215296365e-09,0.050704035668605284,0.044044921960236696,4.0,0.7640756703007687,0.0003820378351503844,0.08282665818464688,0.1,1.0,optimal,0
2019-01-31,0.34141185329486917,0.06096293604951075,0.05929298044618204,0.04572574220964806,0.2499999975099139,0.02953751710485998,0.029110788093224073,0.02453034104799925,0.11682135443583742,2.474907392963392e-09,0.04260648733304817,4.0,0.8661557606248077,0.00043307788031240384,0.09093156476391688,0.1,1.0,optimal,0
2019-02-28,0.31572630057960016,0.0836980793296202,0.054806856525156405,0.036717875343899205,0.17085784633618736,0.028492174407061418,4.69241019777914e-10,0.05064997879654822,0.19999999984482852,0.017536630546224004,0.041514257821633475,4.0,0.2743123899684782,0.00013715619498423908,0.0887508738524344,0.1,1.0,optimal,0
2019-03-29,0.27658443225141743,0.12209278198601073,0.062935612546543,0.04081372798317841,0.17079663432413933,0.026359580485437007,6.108052796103934e-10,0.08797742285081556,0.10068136339251854,0.09999999969229527,0.011758443876839341,4.0,0.3469562560825331,0.00017347812804126655,0.0849713220961747,0.1,1.0,optimal,0
2019-04-26,0.26822515976591765,0.08130323573817749,0.04142068884582853,0.03216154924759584,0.14509482331395476,0.018983388538984312,8.180365489397886e-10,0.19999999958564346,0.08592178752015885,0.07850825300280416,0.048381113622898445,4.0,0.2975835011032582,0.0001487917505516291,0.08679639620777045,0.1,1.0,optimal,0
2019-05-31,0.21466883500707012,2.7273558800750355e-10,0.10098857135769186,0.08757906847475753,0.227929734706635,0.07697446117811534,4.365515331783866e-10,0.04651305021015546,0.09858275171989919,0.09999999994133356,0.04676352669505476,4.0,0.557113149486088,0.000278556574743044,0.08828023222541824,0.1,1.0,optimal,0
2019-06-28,0.2735136225245742,0.08177083268149163,0.059916213016188595,0.03479933178010051,0.16794074264385409,0.08834038432169736,0.01581849550411144,0.03585670158897674,0.14204367573524224,0.09999999996940094,2.343623737391536e-10,4.0,0.4276828217406067,0.00021384141087030334,0.09869236800615928,0.1,1.0,optimal,0
2019-07-31,0.26162283985534335,0.031094287980690444,0.08706334760905109,0.07023946187296243,0.18132444449022858,0.04430910943936258,0.08912803988413967,0.010417523906581077,0.12482088094662024,0.09998001170940696,5.230561362877876e-08,4.0,0.31850298086058215,0.0001592514904302911,0.09700276921261766,0.1,1.0,optimal,0
2019-08-30,0.3314950353860735,8.2624256093041e-09,0.07697846328551412,0.06606859610440304,0.22640029054742314,0.023599694976550397,0.19999999368484783,1.4129288898695905e-08,5.3395376492332954e-09,0.07545788048814868,1.779578710291498e-08,4.0,0.43305150399069453,0.00021652575199534728,0.09999999946509651,0.1,1.0,optimal,0
2019-09-30,0.2799314396298369,0.03628090977299716,0.1016293350031926,0.07796333267632723,0.22942795618756764,0.06463730731332001,3.208943263931031e-09,0.09978582932872218,0.05614890018828966,0.013449703313093163,0.04074528337771021,4.0,0.6192706076207294,0.0003096353038103647,0.08217532344473161,0.1,1.0,optimal,0
2019-10-31,0.31325840240144437,0.1499999940342818,0.05133422881737706,0.03540737307775046,0.1491358542752985,0.05520648443127001,0.055286773807660235,0.13437082047115115,0.05600006685157763,7.948566528186086e-10,1.0373321858162388e-09,4.0,0.4657460941668068,0.0002328730470834034,0.08347665484763393,0.1,1.0,optimal,0
2019-11-29,0.2823267406757478,0.12348350706121303,0.06694949121140535,0.04569583434107133,0.1867588380737005,0.06822672762678335,0.0517092451779158,0.1433051727949402,6.188455180104009e-10,4.1997666397573686e-11,0.03154444237637939,4.0,0.24606245144984995,0.00012303122572492498,0.08132932542430259,0.1,1.0,optimal,0
2019-12-30,0.30136806386699255,0.14307332046637886,0.06062626714308691,0.04493234615149994,0.10862438253376651,0.11739677209978193,0.09345793731420074,3.071110629079913e-08,0.13052087675945853,4.5924169041375677e-10,2.4944861484766048e-09,4.0,0.5047320653899583,0.00025236603269497917,0.08209000177060571,0.1,1.0,optimal,0
2020-01-23,0.34519426675196396,0.055274332649141014,0.08128792821697588,0.06824347205027521,0.17771569093923553,0.06835014069868302,0.013848495194882864,0.07003582311471045,0.1200498500085254,6.933844410124409e-11,3.0626821004282346e-10,4.0,0.43949815740261217,0.0002197490787013061,0.08702710013462059,0.1,1.0,optimal,0
2020-02-28,0.20340493092215753,3.646882001678473e-10,0.18306738134537254,0.152871500681109,1.493266246375311e-08,0.26264334312582205,8.72876974064139e-09,7.149871785989166e-10,0.18735663010710568,0.0049959307952053954,0.005660258282120214,4.0,0.8646641185293209,0.00043233205926466046,0.08999954323857608,0.1,1.0,optimal,0
2020-03-31,0.20000001102371792,0.05811008816091121,0.34999999903999324,2.0384274983208114e-09,0.17368962540170368,0.11455104843065787,1.082081916764313e-09,1.5227410464113673e-09,0.05729980744514005,0.04634940328826575,1.256635978048735e-08,4.0,0.8932735708070711,0.0004466367854035356,0.09930334211065657,0.1,1.0,optimal,0
2020-04-30,0.20000000020517683,0.02504094750164733,0.1878590697126884,0.10486574030865799,0.04328515548588782,0.2200361035598243,1.3296795840302569e-09,0.01733373875026223,0.1693450000505764,0.03223424265573541,4.398637211659522e-10,4.0,0.683053162004071,0.0003415265810020355,0.08452022871674013,0.1,1.0,optimal,0
2020-05-29,0.3254012283478554,0.00458691287388655,0.10917400814313671,0.04544821325643555,5.1113202820432705e-08,0.06485566754088837,0.19999999381104772,0.1851442744017523,1.0090219609532516e-08,0.06538963403849374,6.383081170800044e-09,4.0,1.0356606316769867,0.0005178303158384934,0.09999999857119263,0.1,1.0,optimal,0
2020-06-30,0.4218226891938989,0.008635682697395456,0.06182612818748739,0.03904891133863691,0.04897899132467029,0.15621029093249209,0.09769083830450642,6.597326099062779e-10,0.14711987844859306,0.01866658867919786,2.333890407154146e-10,4.0,0.7708788037937402,0.0003854394018968701,0.09999999993431002,0.1,1.0,optimal,0
2020-07-31,0.3127996984174219,1.680217322561342e-08,0.06918401738668295,0.07763196973671686,1.1496140665063677e-08,0.21250019959265182,0.15549103790829413,3.2098073994095135e-09,0.08200874669230908,0.09038429580571465,2.952087370912814e-09,4.0,0.43083917717521875,0.00021541958858760938,0.09999999977191186,0.1,1.0,optimal,0
2020-08-28,0.37496719801352785,3.2451701354898487e-10,0.045724104322038446,0.08396235836540804,0.10669712503466608,0.1369508086802635,0.12715386539357426,0.03999392270489853,0.03920427812952804,0.04534633880792396,2.2365419049133497e-10,4.0,0.4201842241619163,0.00021009211208095817,0.0999999999493203,0.1,1.0,optimal,0
2020-09-30,0.4229910662176402,6.209881509721243e-09,0.04808849980909314,0.06843025399908906,0.12489432700426628,0.13036818756215665,0.07218063032209515,0.04387712391522012,0.07867972370275945,0.010490172534544543,8.723253941372781e-09,4.0,0.20444838387434794,0.00010222419193717397,0.09999999832184334,0.1,1.0,optimal,0
2020-10-30,0.38177342552124915,7.090925391043649e-09,0.03254088311407693,0.03568569340800267,1.16719796933799e-07,0.16390224634371395,0.08263203718789558,0.09846978137982859,0.10499580550773717,0.09999999953784926,4.188924443663968e-09,4.0,0.40889345502824453,0.00020444672751412227,0.09999999966741303,0.1,1.0,optimal,0
2020-11-30,0.3364425574368239,0.0020997259601118158,0.051122782737360546,0.06033495204279789,0.08988112964255705,1.7149100501597015e-08,0.015593521038543294,0.19999998854907253,0.14452531958306333,0.09999999892135443,6.939214645099176e-09,4.0,0.5563782486138591,0.0002781891243069296,0.09999999971186013,0.1,1.0,optimal,0
2020-12-30,0.26626685106057163,0.1499999987072997,0.00473672127538012,0.02899642912435786,0.01970073106786022,0.12734404120774104,0.17574118001352068,0.03649784290962476,0.09071620398809847,0.09999999990539868,7.401467802667142e-10,4.0,0.8680203342699596,0.0004340101671349798,0.09999999971327227,0.1,1.0,optimal,0
2021-01-29,0.40355061069991993,0.04557124965096677,0.010518597702745498,0.05203917157535839,0.11048612289862951,0.011723147828514502,0.06750917163742597,0.07327859760723471,0.1870029539739691,0.03832036920079247,7.224443076540339e-09,4.0,0.7892279133819422,0.0003946139566909711,0.09999999742981962,0.1,1.0,optimal,0
2021-02-26,0.3356221231092833,0.10400860446680618,7.324544871785802e-10,0.02896707231920076,0.128759979220426,6.515608005126796e-10,0.07149221168767063,0.16538701658207844,0.08436079143644114,0.08140219915167887,6.423993090869024e-10,4.0,0.41370117353229974,0.00020685058676614987,0.09999999990469523,0.1,1.0,optimal,0
2021-03-31,0.31952430396441095,0.09933412963684,2.0995472742302624e-10,0.006868436077801104,0.2459920380872962,4.597112256037845e-10,1.4244456743693868e-10,0.09825399682633347,0.1057539641980104,0.09999999995176583,0.024273130445431546,4.0,0.33605365910951,0.00016802682955475501,0.09962832189785975,0.1,1.0,optimal,0
2021-04-30,0.32796631581396773,0.12296609800356181,2.433610981783448e-10,0.008939530846164993,0.24999999742088064,8.685455649584023e-10,6.260435161305221e-10,0.10822188867638081,0.09177811211368672,0.0901280550543557,3.3305137395303174e-10,4.0,0.08729819354797648,4.364909677398824e-05,0.09999999988138283,0.1,1.0,optimal,0
2021-05-28,0.33991822494999135,0.1499999969020057,2.413726720760406e-10,0.06008177728135073,0.20838681081137983,0.13058929713552045,0.052420378828851165,1.1224255352842715e-09,0.05860351203777139,5.8679531911299e-10,1.0253593087187696e-10,4.0,0.5141287127028256,0.0002570643563514128,0.0916438947340693,0.1,1.0,optimal,0
2021-06-30,0.32840937717761615,0.14985395039157007,2.597885760029185e-09,0.07173567385216416,0.22439425031749477,1.8924671080574477e-09,0.039096256641641354,0.0424161257732431,0.1440933642347196,2.5076279355426895e-08,9.720449186211539e-07,5.0,0.30590545306826805,0.00015295272653413402,0.09179309487583973,0.1,1.0,optimal,0
2021-07-30,0.33409779969436254,0.12378148330939977,0.03611246177109976,0.10240391365867485,0.24999999936973727,0.07540265774894572,1.4082177115369637e-09,7.323635911823868e-09,4.653861847045761e-09,0.0782016702047895,8.572751654204856e-10,5.0,0.4723907533558744,0.00023619537667793718,0.09886679835614137,0.1,1.0,optimal,0
2021-08-31,0.35251735162251335,0.1499999942762285,0.021810748736360165,0.05314008666318989,0.207198783414973,0.1202119958316005,9.667715745539376e-09,0.0015931322514782004,0.006203219934967251,0.08732452867231028,1.489286630070941e-07,5.0,0.20306604573742945,0.00010153302286871473,0.09999999738458712,0.1,1.0,optimal,0
2021-09-30,0.25654490487220794,0.11061977409934089,0.010311006936446725,0.07054140462967733,0.1437467389694769,0.05451931075477353,4.682610679189293e-09,0.15085856879024975,0.1008751842895777,0.04505190515117113,0.05693119682446754,5.0,0.6314949755895638,0.0003157474877947819,0.07892308657943044,0.1,1.0,optimal,0
2021-10-29,0.294309536725964,0.14999999880869302,3.627176393729519e-09,0.05383128505064877,0.23937546912147536,0.040059745783401934,1.6934143741105933e-09,0.04694996268668607,0.07547399542755372,0.09999999978595359,1.2890327455026683e-09,5.0,0.40697620262094275,0.0002034881013104714,0.099999999690031,0.1,1.0,optimal,0
2021-11-30,0.319132324475457,0.02910808231601868,0.08520000009220324,0.11680929268708053,0.24686520167585405,0.06806128015911904,3.8885697210862554e-10,7.12467210821453e-10,0.023091277698265952,0.09881872564459043,0.012913814150087044,5.0,0.4324725512385333,0.00021623627561926663,0.09999999992292889,0.1,1.0,optimal,0
2021-12-30,0.34254004967330565,0.14999999710256579,5.195520697914498e-09,0.04705998186822367,0.24999999774319495,0.09959085493817636,6.627657803188129e-09,6.801684071374787e-09,0.036883112369151004,0.07392598529634152,2.384178525558369e-09,5.0,0.36356804517302915,0.00018178402258651457,0.09999999527199734,0.1,1.0,optimal,0
2022-01-28,0.20832718574354853,0.1499999997591631,0.0100006663215089,0.14735683404293945,0.2430700700358353,0.121238848253932,9.968918731566008e-09,3.0345882941229226e-08,3.4093799713260186e-07,0.007168989383979126,0.11283702520629478,5.0,0.4736828315449836,0.0002368414157724918,0.0836038753112134,0.1,1.0,optimal,0
2022-02-28,0.23689735498824355,0.14999999690371307,8.273846000095045e-08,0.1474512272270698,0.018071744094287613,0.23192675229937393,0.19999999736113203,1.4868270108486127e-06,1.1198620480568627e-08,0.015651198066326772,1.4829576192365984e-07,5.0,0.6829651207544782,0.0003414825603772391,0.08934715595284694,0.1,1.0,optimal,0
2022-03-31,0.3329175613937293,0.1499999992316232,1.1503671435985429e-09,2.641053508005748e-10,0.22986002011207554,0.14862680542109719,0.06929744488296045,1.3373516058975252e-09,2.8169492667545956e-10,0.06929816486821758,1.0567778243166906e-09,5.0,0.7144920152503699,0.00035724600762518496,0.09841470237394466,0.1,1.0,optimal,0
2022-04-28,0.30553913252305764,0.1345925318141107,3.1943469934479174e-09,2.4440387271050044e-08,0.23314516255615123,0.16363728753197176,2.8820071501052145e-09,1.6615676052806507e-09,3.200986104118478e-09,0.06370061792328363,0.0993852322721298,5.0,0.22491878744933272,0.00011245939372466636,0.09465718897040327,0.1,1.0,optimal,0
2022-05-31,0.41846648763024136,0.14999999971449726,2.6035832662809606e-08,2.5251892279354072e-08,0.13648954435403118,0.12107928782431167,1.1413701855130307e-09,5.861351670014189e-09,0.06612911915722937,0.01934341901830014,0.08849208401094223,5.0,0.3597434868471193,0.00017987174342355965,0.09919255167829047,0.1,1.0,optimal,0
2022-06-30,0.3550677513528576,0.1162953802412567,1.2597047423278272e-08,3.635529022684706e-10,0.1637216853065344,0.08627456505762514,2.5397353847847546e-10,2.2793901838089109e-10,0.1999999986074198,7.535651131820175e-11,0.0786406059164369,5.0,0.3030562412207126,0.00015152812061035631,0.0942337696692905,0.1,1.0,optimal,0
2022-07-29,0.39989819818727357,0.14999999912386416,0.021971251573097195,0.02592768103037952,0.2234415344985699,0.11359352528478696,0.017907950916241658,1.3372068815260979e-08,1.8830840905475393e-09,4.677598410687683e-08,0.047259797354650024,5.0,0.4148196518506073,0.00020740982592530366,0.09999999885386826,0.1,1.0,optimal,0
2022-08-31,0.3504856976444487,2.0948968032445577e-09,0.10624074946890381,0.14934286902922225,0.08071952384622805,0.16321078996716795,2.1081487424596795e-10,2.9928702351575405e-08,3.376110628589979e-07,3.3022952027249763e-10,0.14999999986832285,5.0,0.7081817691771158,0.00035409088458855794,0.09214528204802562,0.1,1.0,optimal,0
2022-09-30,0.2647653957582507,0.14999999402721378,0.0006235550295109295,2.8671375135527174e-08,0.029933091734199297,0.24544020746791786,0.10897685440699943,0.05026067891441918,2.653556701724714e-09,1.9240636362728883e-07,0.14999999893019345,5.0,0.7721843778347462,0.0003860921889173731,0.08919614287624626,0.1,1.0,optimal,0
2022-10-31,0.3501948327471566,0.1499999951149329,2.6276755298712596e-09,0.0837994714138861,0.10476299169263249,0.10131966543594502,3.647200462485845e-09,0.05042544018676791,5.374389650992799e-10,0.009497597384928717,0.1499999992114353,5.0,0.48716797509645027,0.00024358398754822515,0.09241390010728898,0.1,1.0,optimal,0
2022-11-30,0.3983204581265213,0.1499999965133297,3.3632878218325086e-08,6.488456516942677e-05,0.13473585516798808,0.1049682689608508,0.09674662355929274,1.5061934706243381e-06,1.0503254101133748e-08,0.03785086298612163,0.07731149979112327,5.0,0.40169084495536506,0.00020084542247768254,0.09999999720875218,0.1,1.0,optimal,0
2022-12-30,0.20000001180142196,0.14999999655455246,6.397011712343101e-08,0.05921923329025945,0.05660917843682896,0.28080908283138767,0.11258167366911796,3.9368000607115384e-08,1.1184459919020524e-08,7.702369882514852e-09,0.14078070119148414,5.0,0.5970889526480185,0.0002985444763240093,0.08803526730353031,0.1,1.0,optimal,0
2023-01-31,0.29403224743845274,0.1499999996196509,0.005965449016627152,2.609442698944513e-08,0.1378442200312778,0.12664258395724756,0.014775374450496348,1.7598406944486608e-09,0.1707378193082184,0.09999999974939115,2.2785743701871617e-06,5.0,0.8898000901715079,0.00044490004508575395,0.09286361678873024,0.1,1.0,optimal,0
2023-02-28,0.2510915011615691,0.14999999967870323,1.3604049115631496e-08,0.07273791452997169,6.441827472291734e-08,0.25057850871439463,1.1018563051012254e-08,0.09915025980495853,2.175624114019786e-09,0.053841088497278526,0.12260063639661321,5.0,0.8422864737287836,0.00042114323686439183,0.08665668017828668,0.1,1.0,optimal,0
2023-03-31,0.275560526690546,0.1499999999263216,0.0149040657509704,0.08543436380813141,0.009256746134977126,0.1932181842856538,0.07453910219690547,0.13599351662490625,6.811958181755786e-10,0.06109349311999209,7.804001198547989e-10,5.0,0.3648922401477996,0.0001824461200738998,0.08618586322441063,0.1,1.0,optimal,0
2023-04-28,0.20000005007880448,0.14999999962460195,0.07256815890965468,0.1024688847528177,1.0888293496560703e-07,0.21426064232022607,0.09932715025283406,0.13641209455997502,2.2400048551844492e-09,0.024962905554583924,2.823562299449184e-09,5.0,0.25010573717267076,0.00012505286858633538,0.08001400541265247,0.1,1.0,optimal,0
2023-05-31,0.23582124982522906,0.14999999939719327,0.06139416198689348,0.057781556199712,1.8366331524964177e-08,0.21490006219817626,0.017452176283251304,0.19999999965098925,5.322287029403737e-10,0.008212001458001186,0.054438774101994006,5.0,0.29847761805348555,0.00014923880902674278,0.0837807732776065,0.1,1.0,optimal,0
2023-06-30,0.3009107760852073,0.12527909256762557,0.03436175989384112,0.05944446137908983,0.12798670950950713,0.09212379382890687,5.756585749748369e-10,0.14404014005530932,1.5076129785141835e-10,0.09999999990777565,0.015853266046317375,5.0,0.5550782547102335,0.0002775391273551168,0.08692010262170059,0.1,1.0,optimal,0
2023-07-31,0.3262866214070811,0.13915414260457237,5.546894129775601e-07,0.01116108356599157,0.17891618817941535,0.09277122581944483,0.007964361475144201,0.17034821686240478,2.9952855859349862e-09,0.07339759669187797,5.709369257598175e-09,5.0,0.2350136780714604,0.0001175068390357302,0.09128902267287989,0.1,1.0,optimal,0
2023-08-31,0.34570603583260784,0.1360621532496934,0.028621536255752245,0.04325642245008577,0.007925400825145007,0.14995561281792644,0.03871115856917242,0.1999999992864592,4.0299712652332715e-10,3.852801484614304e-10,0.04976167992488053,5.0,0.47962645090930117,0.0002398132254546506,0.09126124214650677,0.1,1.0,optimal,0
2023-09-28,0.3302956222424962,0.0949862961225446,0.04087538514630446,0.09727111613725475,6.5315960089427576e-09,0.1010391590101604,2.0837612131249226e-09,0.13553241183534506,2.2721812154431153e-09,0.04999999914007311,0.1499999994782828,5.0,0.4231330799025198,0.00021156653995125992,0.08610465952115166,0.1,1.0,optimal,0
2023-10-31,0.21551702218431285,0.03547605370542159,0.06761488624053877,0.08139243213835452,0.07295936332703568,0.2880871234291303,0.02555112698373794,0.013401991374519263,6.981266028079225e-10,0.0999999999688729,0.09999999994994957,5.0,0.6851802311026298,0.0003425901155513149,0.08429526591050213,0.1,1.0,optimal,0
2023-11-30,0.329765735577972,0.08157255175354787,0.03314811363046383,0.005513598171723255,0.13538630795755607,0.07728639678713672,0.08517569264257961,0.15215160171944905,3.147165949429035e-10,0.09999999956503614,1.879818866812554e-09,5.0,0.8128202375757987,0.00040641011878789934,0.08834599280881542,0.1,1.0,optimal,0
2023-12-29,0.3116250422712674,0.0874980108062666,0.04548676387136424,0.005390251298265081,0.17025173964406903,0.07974821419143878,2.5421769283898774e-09,0.19999999741280905,1.6053537402259348e-09,0.09999997378524494,2.5717442265585424e-09,5.0,0.20033672860347715,0.00010016836430173858,0.09019884129282822,0.1,1.0,optimal,0
2024-01-31,0.3532449823869695,0.07476767415758617,0.0716891889912192,0.04759267021181259,0.012926472762362126,0.13977897324091879,5.226380433612055e-09,0.1999999945759812,2.131856756010255e-09,0.09999999490242568,4.141248749922405e-08,5.0,0.33557616623204806,0.00016778808311602403,0.0949330102430572,0.1,1.0,optimal,0
2024-02-29,0.3202022136737013,0.0013313825854224335,0.055098764201937815,0.06653240236667278,0.07574464514560553,0.14359697619551814,1.3900432839096258e-09,0.1999999997245888,1.1161482300802087e-09,0.09999999993667336,0.03749361366368825,5.0,0.2803952265090981,0.00014019761325454906,0.09117107452592635,0.1,1.0,optimal,0
2024-03-28,0.322316745773124,0.10167063280113572,4.4518003500468794e-08,5.105814121660515e-09,5.541101543131521e-09,0.16495867391998056,0.08504132235703023,0.19999999572979416,1.8553109229441748e-10,0.09999999991604736,0.026012574152437726,5.0,0.42389260233907866,0.00021194630116953933,0.09471018918392891,0.1,1.0,optimal,0
2024-04-30,0.25982404603369147,0.14999999756786864,0.03181437460090345,0.016554113230487263,3.397060612238773e-09,0.2397910104746548,0.04811034409986414,0.05390614315996246,2.802413239952145e-09,0.09999806143481799,0.10000190319827604,5.0,0.4824353229920648,0.0002412176614960324,0.08856729877823906,0.1,1.0,optimal,0
2024-05-31,0.28396751683137905,0.14999999897534913,0.03627907862734573,0.04043484472216012,0.07965491942098953,0.16400988771669245,0.07559504801124844,0.06046623596591614,3.9877355406679073e-10,0.09999999967468055,0.009592469655465202,5.0,0.326511678090523,0.0001632558390452615,0.08534033470310294,0.1,1.0,optimal,0
2024-06-28,0.33446190180434726,0.07053031482319923,0.047055208571882674,0.0717600225534357,0.09999115029876307,0.2153518997644719,0.08032252022860586,0.05433440320017848,2.015405447667198e-09,0.004387016417099532,0.021805560322610846,5.0,0.33740724592664006,0.00016870362296332004,0.08886300520049634,0.1,1.0,optimal,0
2024-07-31,0.32938419956268067,0.10288627411947765,0.04809858451419936,0.05949937624192702,0.12710287000576115,0.24408666274497678,0.02167250381972649,0.05713796225695664,1.323903706225275e-10,0.010131566317337906,2.8456603720555773e-10,5.0,0.1760166449025049,8.800832245125245e-05,0.09064582644455546,0.1,1.0,optimal,0
2024-08-30,0.294781782802824,0.1499999977505968,0.04765182334974659,0.057566406834130834,0.23822002606387502,0.1278418053524262,0.009715952670310715,0.07422220048070319,1.1119575263189291e-09,1.7701697745167845e-09,1.813259344516468e-09,5.0,0.3438010164342795,0.00017190050821713976,0.08818808008180724,0.1,1.0,optimal,0
2024-09-30,0.2000000009907663,0.09678560557807131,0.08263671126528233,0.08459627608250596,0.08788163410785499,0.08280729114423022,0.03706609230964667,0.06925499234600421,0.17298998828471304,0.03688341060519602,0.04909799728572898,5.0,0.6975425648231002,0.0003487712824115501,0.09999999997926372,0.1,1.0,optimal,0
2024-10-31,0.33152146981705477,0.05594126711792676,0.03935594692068592,0.05525118258304893,0.11018446953413678,0.21106591915494607,0.06841588604588753,0.060333721572659836,7.304721739913806e-10,0.06793011387231496,2.2650866306835937e-08,5.0,0.6686546618755079,0.00033432733093775397,0.09003024275133636,0.1,1.0,optimal,0
2024-11-29,0.29493302579869735,0.08729401691163106,0.025231896695463857,0.04393799021130214,0.19444365594657143,0.12389252586388519,0.044016688336486094,0.08763417166504477,2.083561308257297e-09,0.09861600188482626,2.46025305495227e-08,5.0,0.3097018450583198,0.0001548509225291599,0.08751636833853922,0.1,1.0,optimal,0
2024-12-30,0.32432661542240543,1.0044248242157282e-07,0.08614728468077067,0.0422268607510076,0.0942700471022649,0.19792294274356897,1.700783925862907e-09,0.0891879915204344,2.6340581989819815e-09,0.01591819185555188,0.14999996114667152,5.0,0.6106445765444859,0.00030532228827224295,0.08816724390845249,0.1,1.0,optimal,0
2025-01-27,0.31423079444468627,0.09659528776924046,9.74817490324589e-07,0.04161934730557159,0.16076055405151946,0.2491133627442307,1.0769225585373447e-06,0.0401249917401506,3.656406416160714e-09,0.04880349887057736,0.048750107677568294,5.0,0.4782944731887696,0.0002391472365943848,0.09164208923344738,0.1,1.0,optimal,0
2025-02-28,0.22106292358121385,0.14689771074742392,0.0673409257752763,0.08993430078307613,0.18431573192919676,0.24533641763995734,0.020347847693168705,9.80841114476245e-10,6.00992492990006e-10,1.8271458687358506e-10,0.0247641400861388,5.0,0.40558476003070537,0.0002027923800153527,0.08456075496673494,0.1,1.0,optimal,0
2025-03-31,0.20152698876534628,0.1499999977677952,0.08656194837802603,0.10776493192397589,0.05973514522075838,0.29999998375425496,0.09026484616466313,2.1141902688898576e-08,1.459317825764687e-09,4.64191657399502e-08,0.004146089004793801,5.0,0.2884447387962679,0.00014422236939813396,0.08711098868343994,0.1,1.0,optimal,0
2025-04-30,0.22356946463735444,0.14999999798862998,0.03917668681719457,0.057492408254537726,0.01882919635732386,0.2830367140777715,0.0190228488741488,0.12910626663632255,7.791157915602009e-09,0.0797664018500366,6.7155220435847985e-09,5.0,0.46975490133529235,0.0002348774506676462,0.08830151575475473,0.1,1.0,optimal,0
2025-05-30,0.28155387480287464,0.1499999996386305,0.039015947459728306,0.04142063418814549,0.03007976623782548,0.1928822214162103,0.0381339320700355,0.18890407834778342,6.691173018504369e-10,0.03800954445211845,7.175305521182605e-10,5.0,0.28591651811277585,0.00014295825905638794,0.08610993081674444,0.1,1.0,optimal,0
2025-06-30,0.33466647695541646,0.14999999710819853,0.044659052368824455,0.0503430136300393,0.07679473025177191,0.18701190753409172,0.039185827213863746,0.08897993338939135,0.0029237529058742297,0.02543530613260118,2.509927166088196e-09,5.0,0.2372320083041443,0.00011861600415207215,0.08767547083198525,0.1,1.0,optimal,0
2025-07-31,0.2956805952578548,0.14973608842474667,0.02806265338879644,0.04686016484339198,4.80328478787871e-09,0.1996911139000494,0.06306363806046388,0.08156317138929009,0.10568206549130796,0.029660504309183655,1.3163024434059937e-10,5.0,0.2864031154132407,0.00014320155770662036,0.08462686636161484,0.1,1.0,optimal,0
2025-08-29,0.216035802280373,0.14999999931719904,0.046272109324566754,0.04823912463530037,0.11758240512588493,0.07841382478987366,0.036153038226139106,0.02653096148823464,0.1913197702703296,0.08945296429780837,2.4429063892043143e-10,5.0,0.5653632536766886,0.0002826816268383443,0.0784554921559503,0.1,1.0,optimal,0
2025-09-30,0.26706499005592993,0.14999998971516523,0.027208025144028185,0.005726995132415736,3.047480947885173e-09,0.20772151253408663,0.18098531453716366,0.031014603945288516,0.030278565842691573,0.09999999989187093,1.5387872831778204e-10,5.0,0.6638644025144316,0.0003319322012572158,0.09188819355924456,0.1,1.0,optimal,0
2025-10-31,0.35421441048042823,0.1026674212156196,0.008247681623361845,0.005616345228417619,3.4684175295022077e-10,0.1057235720233851,0.14409883022679662,0.14438415208606467,0.055793445208289,0.07925414129522161,2.655739698099394e-10,5.0,0.44764894327610716,0.00022382447163805358,0.09406176904119957,0.1,1.0,optimal,0
2025-11-28,0.34960300412988143,0.14999998070842085,0.03329588622683644,0.01710111971793505,5.804911332560563e-08,0.25174008865664843,0.13717508718624313,0.061084753935202164,8.174828688107152e-09,7.713774038973238e-09,5.501116362015072e-09,5.0,0.4494845855888145,0.00022474229279440726,0.09999996340717088,0.1,1.0,optimal,0
2025-12-30,0.24000624295087558,0.14999999947008788,0.08764123569594996,0.07235248267989157,1.8566613034412304e-08,0.1718238078631296,0.17914371104534657,0.055593760266605896,0.04343870189018073,3.663920699991982e-08,2.9321121959446283e-09,5.0,0.3281723349995955,0.00016408616749979778,0.0999999999236611,0.1,1.0,optimal,0
