date,credit_Chicago_Fed_NFCI_Credit_Subindex
1971-01-08,-1.11634
1971-01-15,-1.11805
1971-01-22,-1.1211
1971-01-29,-1.12594
1971-02-05,-1.13306
1971-02-12,-1.14299
1971-02-19,-1.15628
1971-02-26,-1.17345
1971-03-05,-1.195
1971-03-12,-1.22136
1971-03-19,-1.25286
1971-03-26,-1.28959
1971-04-02,-1.3314
1971-04-09,-1.37791
1971-04-16,-1.42838
1971-04-23,-1.48182
1971-04-30,-1.53697
1971-05-07,-1.59248
1971-05-14,-1.6469
1971-05-21,-1.69885
1971-05-28,-1.74693
1971-06-04,-1.78998
1971-06-11,-1.82693
1971-06-18,-1.85677
1971-06-25,-1.87865
1971-07-02,-1.89203
1971-07-09,-1.89647
1971-07-16,-1.89181
1971-07-23,-1.87824
1971-07-30,-1.85614
1971-08-06,-1.82623
1971-08-13,-1.78953
1971-08-20,-1.74736
1971-08-27,-1.70133
1971-09-03,-1.65306
1971-09-10,-1.60427
1971-09-17,-1.55664
1971-09-24,-1.5117
1971-10-01,-1.47084
1971-10-08,-1.43529
1971-10-15,-1.40605
1971-10-22,-1.38395
1971-10-29,-1.36946
1971-11-05,-1.36292
1971-11-12,-1.36443
1971-11-19,-1.37384
1971-11-26,-1.39087
1971-12-03,-1.41499
1971-12-10,-1.44563
1971-12-17,-1.48207
1971-12-24,-1.52353
1971-12-31,-1.56916
1972-01-07,-1.61812
1972-01-14,-1.66947
1972-01-21,-1.72233
1972-01-28,-1.77575
1972-02-04,-1.82885
1972-02-11,-1.88081
1972-02-18,-1.93092
1972-02-25,-1.97859
1972-03-03,-2.02335
1972-03-10,-2.06486
1972-03-17,-2.10289
1972-03-24,-2.13731
1972-03-31,-2.16813
1972-04-07,-2.19546
1972-04-14,-2.21954
1972-04-21,-2.24074
1972-04-28,-2.2595
1972-05-05,-2.27646
1972-05-12,-2.29216
1972-05-19,-2.30738
1972-05-26,-2.32281
1972-06-02,-2.33916
1972-06-09,-2.35701
1972-06-16,-2.37688
1972-06-23,-2.39917
1972-06-30,-2.42419
1972-07-07,-2.45209
1972-07-14,-2.48288
1972-07-21,-2.51646
1972-07-28,-2.55255
1972-08-04,-2.5907
1972-08-11,-2.63027
1972-08-18,-2.67063
1972-08-25,-2.71092
1972-09-01,-2.7503
1972-09-08,-2.78791
1972-09-15,-2.82299
1972-09-22,-2.85495
1972-09-29,-2.88341
1972-10-06,-2.90822
1972-10-13,-2.92947
1972-10-20,-2.94748
1972-10-27,-2.96271
1972-11-03,-2.97567
1972-11-10,-2.98703
1972-11-17,-2.99729
1972-11-24,-3.00693
1972-12-01,-3.01632
1972-12-08,-3.02574
1972-12-15,-3.03535
1972-12-22,-3.04524
1972-12-29,-3.05542
1973-01-05,-3.06587
1973-01-12,-3.07651
1973-01-19,-3.08722
1973-01-26,-3.09784
1973-02-02,-3.10806
1973-02-09,-3.11778
1973-02-16,-3.12644
1973-02-23,-3.13372
1973-03-02,-3.13922
1973-03-09,-3.14259
1973-03-16,-3.14357
1973-03-23,-3.14191
1973-03-30,-3.13747
1973-04-06,-3.13013
1973-04-13,-3.11976
1973-04-20,-3.10619
1973-04-27,-3.0892
1973-05-04,-3.06826
1973-05-11,-3.0431
1973-05-18,-3.01274
1973-05-25,-2.97651
1973-06-01,-2.93359
1973-06-08,-2.88329
1973-06-15,-2.82502
1973-06-22,-2.75837
1973-06-29,-2.68311
1973-07-06,-2.59917
1973-07-13,-2.50671
1973-07-20,-2.40614
1973-07-27,-2.29806
1973-08-03,-2.18304
1973-08-10,-2.06248
1973-08-17,-1.93705
1973-08-24,-1.80838
1973-08-31,-1.67813
1973-09-07,-1.54825
1973-09-14,-1.42097
1973-09-21,-1.29854
1973-09-28,-1.18326
1973-10-05,-1.07716
1973-10-12,-0.98218
1973-10-19,-0.89955
1973-10-26,-0.82996
1973-11-02,-0.77345
1973-11-09,-0.72966
1973-11-16,-0.69734
1973-11-23,-0.67542
1973-11-30,-0.66259
1973-12-07,-0.65761
1973-12-14,-0.65933
1973-12-21,-0.66679
1973-12-28,-0.6792
1974-01-04,-0.69575
1974-01-11,-0.71588
1974-01-18,-0.73874
1974-01-25,-0.76349
1974-02-01,-0.78895
1974-02-08,-0.8139
1974-02-15,-0.83674
1974-02-22,-0.85608
1974-03-01,-0.87044
1974-03-08,-0.87861
1974-03-15,-0.87961
1974-03-22,-0.87277
1974-03-29,-0.85777
1974-04-05,-0.83454
1974-04-12,-0.80345
1974-04-19,-0.76503
1974-04-26,-0.71996
1974-05-03,-0.66874
1974-05-10,-0.61239
1974-05-17,-0.55118
1974-05-24,-0.48585
1974-05-31,-0.41706
1974-06-07,-0.3456
1974-06-14,-0.27233
1974-06-21,-0.1982
1974-06-28,-0.12415
1974-07-05,-0.05098
1974-07-12,0.02034
1974-07-19,0.0894
1974-07-26,0.15598
1974-08-02,0.22031
1974-08-09,0.28246
1974-08-16,0.34354
1974-08-23,0.40383
1974-08-30,0.46362
1974-09-06,0.52272
1974-09-13,0.58048
1974-09-20,0.63581
1974-09-27,0.68726
1974-10-04,0.73323
1974-10-11,0.77189
1974-10-18,0.80188
1974-10-25,0.82199
1974-11-01,0.83151
1974-11-08,0.83005
1974-11-15,0.81789
1974-11-22,0.79505
1974-11-29,0.7618
1974-12-06,0.71832
1974-12-13,0.66476
1974-12-20,0.60111
1974-12-27,0.52738
1975-01-03,0.44369
1975-01-10,0.35018
1975-01-17,0.24735
1975-01-24,0.13594
1975-01-31,0.017
1975-02-07,-0.108
1975-02-14,-0.2376
1975-02-21,-0.37005
1975-02-28,-0.50353
1975-03-07,-0.63615
1975-03-14,-0.7661
1975-03-21,-0.89168
1975-03-28,-1.01137
1975-04-04,-1.12386
1975-04-11,-1.22832
1975-04-18,-1.32412
1975-04-25,-1.41106
1975-05-02,-1.48906
1975-05-09,-1.55861
1975-05-16,-1.62009
1975-05-23,-1.67423
1975-05-30,-1.7219
1975-06-06,-1.76398
1975-06-13,-1.80141
1975-06-20,-1.83512
1975-06-27,-1.8658
1975-07-04,-1.8939
1975-07-11,-1.91978
1975-07-18,-1.94345
1975-07-25,-1.96465
1975-08-01,-1.98278
1975-08-08,-1.99745
1975-08-15,-2.00763
1975-08-22,-2.01292
1975-08-29,-2.01303
1975-09-05,-2.00807
1975-09-12,-1.99861
1975-09-19,-1.98552
1975-09-26,-1.96999
1975-10-03,-1.95344
1975-10-10,-1.93742
1975-10-17,-1.9232
1975-10-24,-1.9118
1975-10-31,-1.90376
1975-11-07,-1.89937
1975-11-14,-1.89811
1975-11-21,-1.89964
1975-11-28,-1.90335
1975-12-05,-1.9088
1975-12-12,-1.91571
1975-12-19,-1.92394
1975-12-26,-1.93361
1976-01-02,-1.94495
1976-01-09,-1.95816
1976-01-16,-1.97341
1976-01-23,-1.99065
1976-01-30,-2.0096
1976-02-06,-2.02981
1976-02-13,-2.05064
1976-02-20,-2.07155
1976-02-27,-2.09197
1976-03-05,-2.11151
1976-03-12,-2.12987
1976-03-19,-2.14698
1976-03-26,-2.16286
1976-04-02,-2.17765
1976-04-09,-2.19142
1976-04-16,-2.2043
1976-04-23,-2.21619
1976-04-30,-2.2268
1976-05-07,-2.23567
1976-05-14,-2.24224
1976-05-21,-2.24586
1976-05-28,-2.24606
1976-06-04,-2.24246
1976-06-11,-2.23485
1976-06-18,-2.22326
1976-06-25,-2.20782
1976-07-02,-2.18884
1976-07-09,-2.16662
1976-07-16,-2.14158
1976-07-23,-2.11406
1976-07-30,-2.08428
1976-08-06,-2.05251
1976-08-13,-2.01892
1976-08-20,-1.9837
1976-08-27,-1.94715
1976-09-03,-1.90964
1976-09-10,-1.8716
1976-09-17,-1.83356
1976-09-24,-1.79611
1976-10-01,-1.75988
1976-10-08,-1.72548
1976-10-15,-1.69362
1976-10-22,-1.66485
1976-10-29,-1.63965
1976-11-05,-1.61853
1976-11-12,-1.60174
1976-11-19,-1.58984
1976-11-26,-1.58327
1976-12-03,-1.58243
1976-12-10,-1.58756
1976-12-17,-1.5987
1976-12-24,-1.61552
1976-12-31,-1.63744
1977-01-07,-1.66355
1977-01-14,-1.69263
1977-01-21,-1.72329
1977-01-28,-1.7541
1977-02-04,-1.78369
1977-02-11,-1.8107
1977-02-18,-1.83417
1977-02-25,-1.85325
1977-03-04,-1.8673
1977-03-11,-1.87598
1977-03-18,-1.87907
1977-03-25,-1.87656
1977-04-01,-1.86858
1977-04-08,-1.85533
1977-04-15,-1.83711
1977-04-22,-1.81429
1977-04-29,-1.78732
1977-05-06,-1.75669
1977-05-13,-1.72296
1977-05-20,-1.68694
1977-05-27,-1.64943
1977-06-03,-1.61135
1977-06-10,-1.57365
1977-06-17,-1.53724
1977-06-24,-1.50299
1977-07-01,-1.4716
1977-07-08,-1.44363
1977-07-15,-1.41939
1977-07-22,-1.399
1977-07-29,-1.38232
1977-08-05,-1.36902
1977-08-12,-1.35858
1977-08-19,-1.35048
1977-08-26,-1.3441
1977-09-02,-1.33887
1977-09-09,-1.33418
1977-09-16,-1.32944
1977-09-23,-1.32403
1977-09-30,-1.31741
1977-10-07,-1.30894
1977-10-14,-1.29807
1977-10-21,-1.28413
1977-10-28,-1.26645
1977-11-04,-1.24431
1977-11-11,-1.21708
1977-11-18,-1.18415
1977-11-25,-1.14508
1977-12-02,-1.09964
1977-12-09,-1.04788
1977-12-16,-0.99012
1977-12-23,-0.92704
1977-12-30,-0.85965
1978-01-06,-0.78915
1978-01-13,-0.71717
1978-01-20,-0.64514
1978-01-27,-0.57456
1978-02-03,-0.50662
1978-02-10,-0.44257
1978-02-17,-0.38291
1978-02-24,-0.32795
1978-03-03,-0.27776
1978-03-10,-0.23202
1978-03-17,-0.19043
1978-03-24,-0.15265
1978-03-31,-0.11841
1978-04-07,-0.08742
1978-04-14,-0.05962
1978-04-21,-0.03482
1978-04-28,-0.01298
1978-05-05,0.00619
1978-05-12,0.02283
1978-05-19,0.03752
1978-05-26,0.05075
1978-06-02,0.06316
1978-06-09,0.07535
1978-06-16,0.08791
1978-06-23,0.10125
1978-06-30,0.11558
1978-07-07,0.13099
1978-07-14,0.14721
1978-07-21,0.16398
1978-07-28,0.1809
1978-08-04,0.19777
1978-08-11,0.21417
1978-08-18,0.23025
1978-08-25,0.24611
1978-09-01,0.26198
1978-09-08,0.27822
1978-09-15,0.29523
1978-09-22,0.31324
1978-09-29,0.33241
1978-10-06,0.35278
1978-10-13,0.37408
1978-10-20,0.39605
1978-10-27,0.41836
1978-11-03,0.44083
1978-11-10,0.46294
1978-11-17,0.48487
1978-11-24,0.50637
1978-12-01,0.52742
1978-12-08,0.54793
1978-12-15,0.56774
1978-12-22,0.5866
1978-12-29,0.60422
1979-01-05,0.62026
1979-01-12,0.6342
1979-01-19,0.64582
1979-01-26,0.65505
1979-02-02,0.66223
1979-02-09,0.66748
1979-02-16,0.67212
1979-02-23,0.67694
1979-03-02,0.68296
1979-03-09,0.69107
1979-03-16,0.70202
1979-03-23,0.71634
1979-03-30,0.73433
1979-04-06,0.75615
1979-04-13,0.78168
1979-04-20,0.8109
1979-04-27,0.84356
1979-05-04,0.87953
1979-05-11,0.91838
1979-05-18,0.96001
1979-05-25,1.00371
1979-06-01,1.04872
1979-06-08,1.09416
1979-06-15,1.13898
1979-06-22,1.18216
1979-06-29,1.22287
1979-07-06,1.26051
1979-07-13,1.29466
1979-07-20,1.32548
1979-07-27,1.35333
1979-08-03,1.379
1979-08-10,1.40343
1979-08-17,1.42772
1979-08-24,1.45275
1979-08-31,1.47935
1979-09-07,1.50798
1979-09-14,1.53874
1979-09-21,1.57156
1979-09-28,1.60612
1979-10-05,1.64195
1979-10-12,1.67842
1979-10-19,1.71489
1979-10-26,1.75039
1979-11-02,1.78449
1979-11-09,1.81563
1979-11-16,1.84384
1979-11-23,1.86862
1979-11-30,1.89009
1979-12-07,1.90846
1979-12-14,1.92461
1979-12-21,1.93983
1979-12-28,1.9558
1980-01-04,1.97482
1980-01-11,1.99962
1980-01-18,2.033
1980-01-25,2.07779
1980-02-01,2.13661
1980-02-08,2.21106
1980-02-15,2.30284
1980-02-22,2.41146
1980-02-29,2.53541
1980-03-07,2.67122
1980-03-14,2.81402
1980-03-21,2.95733
1980-03-28,3.09441
1980-04-04,3.21834
1980-04-11,3.32228
1980-04-18,3.40051
1980-04-25,3.44842
1980-05-02,3.46293
1980-05-09,3.44333
1980-05-16,3.39009
1980-05-23,3.30564
1980-05-30,3.19383
1980-06-06,3.05939
1980-06-13,2.908
1980-06-20,2.74567
1980-06-27,2.57875
1980-07-04,2.4134
1980-07-11,2.25574
1980-07-18,2.11062
1980-07-25,1.98201
1980-08-01,1.87269
1980-08-08,1.78474
1980-08-15,1.71819
1980-08-22,1.67299
1980-08-29,1.6481
1980-09-05,1.64207
1980-09-12,1.65287
1980-09-19,1.67846
1980-09-26,1.71673
1980-10-03,1.76558
1980-10-10,1.82304
1980-10-17,1.8871
1980-10-24,1.95616
1980-10-31,2.02892
1980-11-07,2.10376
1980-11-14,2.17984
1980-11-21,2.25599
1980-11-28,2.33112
1980-12-05,2.40395
1980-12-12,2.4732
1980-12-19,2.53735
1980-12-26,2.59492
1981-01-02,2.64416
1981-01-09,2.68394
1981-01-16,2.7131
1981-01-23,2.73113
1981-01-30,2.73799
1981-02-06,2.73405
1981-02-13,2.72027
1981-02-20,2.69837
1981-02-27,2.67007
1981-03-06,2.63762
1981-03-13,2.60356
1981-03-20,2.5704
1981-03-27,2.54064
1981-04-03,2.51665
1981-04-10,2.50053
1981-04-17,2.49336
1981-04-24,2.49532
1981-05-01,2.50575
1981-05-08,2.52282
1981-05-15,2.54455
1981-05-22,2.56834
1981-05-29,2.59182
1981-06-05,2.61297
1981-06-12,2.63044
1981-06-19,2.64379
1981-06-26,2.65341
1981-07-03,2.66045
1981-07-10,2.66701
1981-07-17,2.67479
1981-07-24,2.68547
1981-07-31,2.7006
1981-08-07,2.72076
1981-08-14,2.74671
1981-08-21,2.77844
1981-08-28,2.81595
1981-09-04,2.85884
1981-09-11,2.90665
1981-09-18,2.95829
1981-09-25,3.01244
1981-10-02,3.06754
1981-10-09,3.122
1981-10-16,3.17352
1981-10-23,3.22009
1981-10-30,3.25977
1981-11-06,3.29082
1981-11-13,3.3118
1981-11-20,3.32214
1981-11-27,3.32241
1981-12-04,3.31393
1981-12-11,3.29905
1981-12-18,3.28021
1981-12-25,3.26003
1982-01-01,3.24097
1982-01-08,3.22482
1982-01-15,3.21285
1982-01-22,3.20558
1982-01-29,3.20273
1982-02-05,3.20347
1982-02-12,3.20627
1982-02-19,3.21007
1982-02-26,3.21352
1982-03-05,3.21559
1982-03-12,3.21582
1982-03-19,3.21391
1982-03-26,3.20977
1982-04-02,3.20338
1982-04-09,3.19486
1982-04-16,3.18415
1982-04-23,3.1712
1982-04-30,3.15602
1982-05-07,3.13876
1982-05-14,3.1197
1982-05-21,3.09931
1982-05-28,3.0783
1982-06-04,3.05745
1982-06-11,3.03787
1982-06-18,3.02023
1982-06-25,3.00499
1982-07-02,2.99213
1982-07-09,2.98105
1982-07-16,2.97062
1982-07-23,2.95963
1982-07-30,2.94672
1982-08-06,2.93065
1982-08-13,2.91053
1982-08-20,2.88549
1982-08-27,2.85497
1982-09-03,2.81893
1982-09-10,2.77794
1982-09-17,2.73222
1982-09-24,2.68225
1982-10-01,2.62822
1982-10-08,2.57019
1982-10-15,2.50821
1982-10-22,2.4422
1982-10-29,2.37232
1982-11-05,2.29849
1982-11-12,2.22123
1982-11-19,2.14016
1982-11-26,2.05584
1982-12-03,1.96871
1982-12-10,1.87978
1982-12-17,1.78981
1982-12-24,1.69984
1982-12-31,1.61079
1983-01-07,1.52344
1983-01-14,1.4385
1983-01-21,1.35652
1983-01-28,1.27786
1983-02-04,1.20247
1983-02-11,1.13034
1983-02-18,1.06056
1983-02-25,0.99267
1983-03-04,0.926
1983-03-11,0.86016
1983-03-18,0.795
1983-03-25,0.73057
1983-04-01,0.6671
1983-04-08,0.60498
1983-04-15,0.54485
1983-04-22,0.48721
1983-04-29,0.43265
1983-05-06,0.38166
1983-05-13,0.33478
1983-05-20,0.2921
1983-05-27,0.25409
1983-06-03,0.22091
1983-06-10,0.19287
1983-06-17,0.17019
1983-06-24,0.15293
1983-07-01,0.14127
1983-07-08,0.13522
1983-07-15,0.13468
1983-07-22,0.13937
1983-07-29,0.14884
1983-08-05,0.1626
1983-08-12,0.17958
1983-08-19,0.19917
1983-08-26,0.22027
1983-09-02,0.24189
1983-09-09,0.26323
1983-09-16,0.28321
1983-09-23,0.30105
1983-09-30,0.31603
1983-10-07,0.32758
1983-10-14,0.33529
1983-10-21,0.33903
1983-10-28,0.33866
1983-11-04,0.33435
1983-11-11,0.3261
1983-11-18,0.31422
1983-11-25,0.29891
1983-12-02,0.28047
1983-12-09,0.25913
1983-12-16,0.23516
1983-12-23,0.20872
1983-12-30,0.17982
1984-01-06,0.14854
1984-01-13,0.1149
1984-01-20,0.07905
1984-01-27,0.04122
1984-02-03,0.00204
1984-02-10,-0.03799
1984-02-17,-0.0778
1984-02-24,-0.11635
1984-03-02,-0.15248
1984-03-09,-0.18511
1984-03-16,-0.21324
1984-03-23,-0.23612
1984-03-30,-0.25322
1984-04-06,-0.26421
1984-04-13,-0.26898
1984-04-20,-0.2676
1984-04-27,-0.26016
1984-05-04,-0.24657
1984-05-11,-0.22727
1984-05-18,-0.20179
1984-05-25,-0.1702
1984-06-01,-0.13257
1984-06-08,-0.08917
1984-06-15,-0.04064
1984-06-22,0.0121
1984-06-29,0.06788
1984-07-06,0.1253
1984-07-13,0.18272
1984-07-20,0.23835
1984-07-27,0.29052
1984-08-03,0.33778
1984-08-10,0.37869
1984-08-17,0.41292
1984-08-24,0.44011
1984-08-31,0.46031
1984-09-07,0.47385
1984-09-14,0.4812
1984-09-21,0.48281
1984-09-28,0.47923
1984-10-05,0.47088
1984-10-12,0.45823
1984-10-19,0.44139
1984-10-26,0.42043
1984-11-02,0.39522
1984-11-09,0.36573
1984-11-16,0.3321
1984-11-23,0.29467
1984-11-30,0.25391
1984-12-07,0.21064
1984-12-14,0.16591
1984-12-21,0.12093
1984-12-28,0.077
1985-01-04,0.0355
1985-01-11,-0.00198
1985-01-18,-0.03439
1985-01-25,-0.06067
1985-02-01,-0.08019
1985-02-08,-0.09247
1985-02-15,-0.09736
1985-02-22,-0.09503
1985-03-01,-0.08591
1985-03-08,-0.07068
1985-03-15,-0.05045
1985-03-22,-0.02656
1985-03-29,-0.00052
1985-04-05,0.02591
1985-04-12,0.05091
1985-04-19,0.07271
1985-04-26,0.08962
1985-05-03,0.10023
1985-05-10,0.1035
1985-05-17,0.09867
1985-05-24,0.08543
1985-05-31,0.064
1985-06-07,0.03504
1985-06-14,-0.00024
1985-06-21,-0.04032
1985-06-28,-0.08351
1985-07-05,-0.12797
1985-07-12,-0.17204
1985-07-19,-0.21416
1985-07-26,-0.25305
1985-08-02,-0.28776
1985-08-09,-0.31766
1985-08-16,-0.34262
1985-08-23,-0.36267
1985-08-30,-0.37804
1985-09-06,-0.38901
1985-09-13,-0.39591
1985-09-20,-0.39913
1985-09-27,-0.39912
1985-10-04,-0.39642
1985-10-11,-0.39161
1985-10-18,-0.38528
1985-10-25,-0.37813
1985-11-01,-0.37091
1985-11-08,-0.36427
1985-11-15,-0.35903
1985-11-22,-0.35578
1985-11-29,-0.35502
1985-12-06,-0.35706
1985-12-13,-0.36192
1985-12-20,-0.36954
1985-12-27,-0.37961
1986-01-03,-0.39169
1986-01-10,-0.40522
1986-01-17,-0.41956
1986-01-24,-0.43418
1986-01-31,-0.44874
1986-02-07,-0.46278
1986-02-14,-0.47639
1986-02-21,-0.48957
1986-02-28,-0.50248
1986-03-07,-0.51534
1986-03-14,-0.52815
1986-03-21,-0.541
1986-03-28,-0.55374
1986-04-04,-0.56612
1986-04-11,-0.57761
1986-04-18,-0.58747
1986-04-25,-0.59485
1986-05-02,-0.59878
1986-05-09,-0.59818
1986-05-16,-0.59259
1986-05-23,-0.58169
1986-05-30,-0.56575
1986-06-06,-0.5455
1986-06-13,-0.52208
1986-06-20,-0.49708
1986-06-27,-0.47224
1986-07-04,-0.44933
1986-07-11,-0.43002
1986-07-18,-0.41548
1986-07-25,-0.40636
1986-08-01,-0.40292
1986-08-08,-0.40443
1986-08-15,-0.41031
1986-08-22,-0.41921
1986-08-29,-0.42952
1986-09-05,-0.43953
1986-09-12,-0.44732
1986-09-19,-0.45137
1986-09-26,-0.45049
1986-10-03,-0.44398
1986-10-10,-0.43162
1986-10-17,-0.41366
1986-10-24,-0.39066
1986-10-31,-0.36362
1986-11-07,-0.33338
1986-11-14,-0.30184
1986-11-21,-0.26992
1986-11-28,-0.23885
1986-12-05,-0.20965
1986-12-12,-0.18289
1986-12-19,-0.15912
1986-12-26,-0.13883
1987-01-02,-0.12237
1987-01-09,-0.10991
1987-01-16,-0.10201
1987-01-23,-0.09855
1987-01-30,-0.09945
1987-02-06,-0.10447
1987-02-13,-0.11305
1987-02-20,-0.12481
1987-02-27,-0.13924
1987-03-06,-0.15568
1987-03-13,-0.17347
1987-03-20,-0.19182
1987-03-27,-0.20985
1987-04-03,-0.22671
1987-04-10,-0.24135
1987-04-17,-0.25313
1987-04-24,-0.26157
1987-05-01,-0.26633
1987-05-08,-0.26746
1987-05-15,-0.26534
1987-05-22,-0.26051
1987-05-29,-0.25383
1987-06-05,-0.24644
1987-06-12,-0.23949
1987-06-19,-0.23413
1987-06-26,-0.23137
1987-07-03,-0.23188
1987-07-10,-0.23608
1987-07-17,-0.24397
1987-07-24,-0.25495
1987-07-31,-0.26808
1987-08-07,-0.28215
1987-08-14,-0.29545
1987-08-21,-0.30644
1987-08-28,-0.31353
1987-09-04,-0.31529
1987-09-11,-0.31085
1987-09-18,-0.29973
1987-09-25,-0.28194
1987-10-02,-0.25822
1987-10-09,-0.22988
1987-10-16,-0.19861
1987-10-23,-0.16618
1987-10-30,-0.13499
1987-11-06,-0.10692
1987-11-13,-0.08305
1987-11-20,-0.06404
1987-11-27,-0.04987
1987-12-04,-0.04006
1987-12-11,-0.03386
1987-12-18,-0.03037
1987-12-25,-0.02883
1988-01-01,-0.02863
1988-01-08,-0.02926
1988-01-15,-0.03046
1988-01-22,-0.03227
1988-01-29,-0.03495
1988-02-05,-0.03878
1988-02-12,-0.0438
1988-02-19,-0.05028
1988-02-26,-0.05811
1988-03-04,-0.06703
1988-03-11,-0.07666
1988-03-18,-0.08662
1988-03-25,-0.09646
1988-04-01,-0.10572
1988-04-08,-0.11407
1988-04-15,-0.1214
1988-04-22,-0.12772
1988-04-29,-0.13316
1988-05-06,-0.13795
1988-05-13,-0.1425
1988-05-20,-0.14707
1988-05-27,-0.15187
1988-06-03,-0.15709
1988-06-10,-0.16277
1988-06-17,-0.16878
1988-06-24,-0.17497
1988-07-01,-0.1809
1988-07-08,-0.186
1988-07-15,-0.18975
1988-07-22,-0.19138
1988-07-29,-0.19024
1988-08-05,-0.1858
1988-08-12,-0.17781
1988-08-19,-0.16612
1988-08-26,-0.1511
1988-09-02,-0.13339
1988-09-09,-0.11398
1988-09-16,-0.09412
1988-09-23,-0.07498
1988-09-30,-0.05767
1988-10-07,-0.04307
1988-10-14,-0.0315
1988-10-21,-0.02291
1988-10-28,-0.0169
1988-11-04,-0.0127
1988-11-11,-0.00937
1988-11-18,-0.00595
1988-11-25,-0.00165
1988-12-02,0.00411
1988-12-09,0.0116
1988-12-16,0.02061
1988-12-23,0.0309
1988-12-30,0.04204
1989-01-06,0.05359
1989-01-13,0.0652
1989-01-20,0.07663
1989-01-27,0.08784
1989-02-03,0.09902
1989-02-10,0.11042
1989-02-17,0.12252
1989-02-24,0.13575
1989-03-03,0.15036
1989-03-10,0.16633
1989-03-17,0.18341
1989-03-24,0.20124
1989-03-31,0.21918
1989-04-07,0.23654
1989-04-14,0.25257
1989-04-21,0.26689
1989-04-28,0.27931
1989-05-05,0.28976
1989-05-12,0.29887
1989-05-19,0.307
1989-05-26,0.31464
1989-06-02,0.32216
1989-06-09,0.32982
1989-06-16,0.33773
1989-06-23,0.34587
1989-06-30,0.35402
1989-07-07,0.3619
1989-07-14,0.36942
1989-07-21,0.37655
1989-07-28,0.38353
1989-08-04,0.39057
1989-08-11,0.39851
1989-08-18,0.40754
1989-08-25,0.41822
1989-09-01,0.43076
1989-09-08,0.4453
1989-09-15,0.46172
1989-09-22,0.47958
1989-09-29,0.49832
1989-10-06,0.51736
1989-10-13,0.53602
1989-10-20,0.55364
1989-10-27,0.56977
1989-11-03,0.58409
1989-11-10,0.59672
1989-11-17,0.60739
1989-11-24,0.61631
1989-12-01,0.62367
1989-12-08,0.62981
1989-12-15,0.63504
1989-12-22,0.63996
1989-12-29,0.64523
1990-01-05,0.6515
1990-01-12,0.6595
1990-01-19,0.66971
1990-01-26,0.68231
1990-02-02,0.69712
1990-02-09,0.71354
1990-02-16,0.73061
1990-02-23,0.74713
1990-03-02,0.76231
1990-03-09,0.77533
1990-03-16,0.78573
1990-03-23,0.79336
1990-03-30,0.79812
1990-04-06,0.80036
1990-04-13,0.80042
1990-04-20,0.7986
1990-04-27,0.79525
1990-05-04,0.79084
1990-05-11,0.78544
1990-05-18,0.77916
1990-05-25,0.77224
1990-06-01,0.76511
1990-06-08,0.75828
1990-06-15,0.75247
1990-06-22,0.74851
1990-06-29,0.74745
1990-07-06,0.75014
1990-07-13,0.75716
1990-07-20,0.76918
1990-07-27,0.78662
1990-08-03,0.80949
1990-08-10,0.83758
1990-08-17,0.8706
1990-08-24,0.90789
1990-08-31,0.94862
1990-09-07,0.99194
1990-09-14,1.03683
1990-09-21,1.08252
1990-09-28,1.12823
1990-10-05,1.17268
1990-10-12,1.21516
1990-10-19,1.25462
1990-10-26,1.28972
1990-11-02,1.31942
1990-11-09,1.34274
1990-11-16,1.35866
1990-11-23,1.36641
1990-11-30,1.36549
1990-12-07,1.35578
1990-12-14,1.33753
1990-12-21,1.3113
1990-12-28,1.27785
1991-01-04,1.23808
1991-01-11,1.19361
1991-01-18,1.1452
1991-01-25,1.09367
1991-02-01,1.03991
1991-02-08,0.98479
1991-02-15,0.92871
1991-02-22,0.87273
1991-03-01,0.8177
1991-03-08,0.76486
1991-03-15,0.71506
1991-03-22,0.66887
1991-03-29,0.62685
1991-04-05,0.58927
1991-04-12,0.55576
1991-04-19,0.52607
1991-04-26,0.49996
1991-05-03,0.47704
1991-05-10,0.4568
1991-05-17,0.43869
1991-05-24,0.42239
1991-05-31,0.40748
1991-06-07,0.3937
1991-06-14,0.38106
1991-06-21,0.36954
1991-06-28,0.35912
1991-07-05,0.34983
1991-07-12,0.34145
1991-07-19,0.33411
1991-07-26,0.32776
1991-08-02,0.32226
1991-08-09,0.31742
1991-08-16,0.31292
1991-08-23,0.30839
1991-08-30,0.30335
1991-09-06,0.29749
1991-09-13,0.29055
1991-09-20,0.28229
1991-09-27,0.27239
1991-10-04,0.26109
1991-10-11,0.24833
1991-10-18,0.23484
1991-10-25,0.22134
1991-11-01,0.20877
1991-11-08,0.19787
1991-11-15,0.18901
1991-11-22,0.1821
1991-11-29,0.17659
1991-12-06,0.17161
1991-12-13,0.16612
1991-12-20,0.15881
1991-12-27,0.14836
1992-01-03,0.13505
1992-01-10,0.11744
1992-01-17,0.0963
1992-01-24,0.07242
1992-01-31,0.04679
1992-02-07,0.02086
1992-02-14,-0.00421
1992-02-21,-0.02752
1992-02-28,-0.0484
1992-03-06,-0.06664
1992-03-13,-0.08263
1992-03-20,-0.09662
1992-03-27,-0.10909
1992-04-03,-0.12077
1992-04-10,-0.13204
1992-04-17,-0.1431
1992-04-24,-0.15416
1992-05-01,-0.16503
1992-05-08,-0.17551
1992-05-15,-0.1854
1992-05-22,-0.19441
1992-05-29,-0.20232
1992-06-05,-0.20885
1992-06-12,-0.21378
1992-06-19,-0.21701
1992-06-26,-0.21862
1992-07-03,-0.21851
1992-07-10,-0.21691
1992-07-17,-0.21379
1992-07-24,-0.20911
1992-07-31,-0.20288
1992-08-07,-0.1951
1992-08-14,-0.18588
1992-08-21,-0.17569
1992-08-28,-0.16524
1992-09-04,-0.15522
1992-09-11,-0.14698
1992-09-18,-0.14127
1992-09-25,-0.13853
1992-10-02,-0.13881
1992-10-09,-0.14195
1992-10-16,-0.14709
1992-10-23,-0.15351
1992-10-30,-0.16033
1992-11-06,-0.16689
1992-11-13,-0.1725
1992-11-20,-0.17701
1992-11-27,-0.18043
1992-12-04,-0.18303
1992-12-11,-0.18527
1992-12-18,-0.18751
1992-12-25,-0.18995
1993-01-01,-0.19268
1993-01-08,-0.19559
1993-01-15,-0.19817
1993-01-22,-0.20019
1993-01-29,-0.20153
1993-02-05,-0.20221
1993-02-12,-0.20248
1993-02-19,-0.20281
1993-02-26,-0.20377
1993-03-05,-0.20594
1993-03-12,-0.20971
1993-03-19,-0.21537
1993-03-26,-0.22288
1993-04-02,-0.23203
1993-04-09,-0.24234
1993-04-16,-0.25311
1993-04-23,-0.26393
1993-04-30,-0.27427
1993-05-07,-0.28376
1993-05-14,-0.29224
1993-05-21,-0.29989
1993-05-28,-0.30678
1993-06-04,-0.31311
1993-06-11,-0.31918
1993-06-18,-0.32491
1993-06-25,-0.33011
1993-07-02,-0.33438
1993-07-09,-0.33713
1993-07-16,-0.33763
1993-07-23,-0.33548
1993-07-30,-0.33034
1993-08-06,-0.32234
1993-08-13,-0.31186
1993-08-20,-0.29972
1993-08-27,-0.28694
1993-09-03,-0.27466
1993-09-10,-0.26392
1993-09-17,-0.2557
1993-09-24,-0.25068
1993-10-01,-0.24917
1993-10-08,-0.25135
1993-10-15,-0.257
1993-10-22,-0.26572
1993-10-29,-0.27684
1993-11-05,-0.2897
1993-11-12,-0.30357
1993-11-19,-0.31801
1993-11-26,-0.33271
1993-12-03,-0.34754
1993-12-10,-0.36272
1993-12-17,-0.37834
1993-12-24,-0.3944
1993-12-31,-0.41091
1994-01-07,-0.42775
1994-01-14,-0.44444
1994-01-21,-0.46072
1994-01-28,-0.47621
1994-02-04,-0.49036
1994-02-11,-0.50289
1994-02-18,-0.5132
1994-02-25,-0.52082
1994-03-04,-0.52533
1994-03-11,-0.52635
1994-03-18,-0.52371
1994-03-25,-0.51738
1994-04-01,-0.50741
1994-04-08,-0.4942
1994-04-15,-0.47813
1994-04-22,-0.45996
1994-04-29,-0.4407
1994-05-06,-0.4211
1994-05-13,-0.4025
1994-05-20,-0.38525
1994-05-27,-0.37021
1994-06-03,-0.3575
1994-06-10,-0.34764
1994-06-17,-0.34042
1994-06-24,-0.33551
1994-07-01,-0.33255
1994-07-08,-0.33118
1994-07-15,-0.33085
1994-07-22,-0.33144
1994-07-29,-0.33284
1994-08-05,-0.33484
1994-08-12,-0.33774
1994-08-19,-0.34101
1994-08-26,-0.34468
1994-09-02,-0.34849
1994-09-09,-0.35208
1994-09-16,-0.35514
1994-09-23,-0.35708
1994-09-30,-0.35722
1994-10-07,-0.35492
1994-10-14,-0.34943
1994-10-21,-0.34034
1994-10-28,-0.32735
1994-11-04,-0.31034
1994-11-11,-0.28995
1994-11-18,-0.26642
1994-11-25,-0.24086
1994-12-02,-0.2146
1994-12-09,-0.189
1994-12-16,-0.16571
1994-12-23,-0.14576
1994-12-30,-0.12984
1995-01-06,-0.11825
1995-01-13,-0.11055
1995-01-20,-0.1065
1995-01-27,-0.10553
1995-02-03,-0.1069
1995-02-10,-0.11047
1995-02-17,-0.11512
1995-02-24,-0.12031
1995-03-03,-0.12549
1995-03-10,-0.13006
1995-03-17,-0.13381
1995-03-24,-0.13671
1995-03-31,-0.13874
1995-04-07,-0.13995
1995-04-14,-0.14066
1995-04-21,-0.14092
1995-04-28,-0.14081
1995-05-05,-0.14048
1995-05-12,-0.14017
1995-05-19,-0.13984
1995-05-26,-0.13987
1995-06-02,-0.14053
1995-06-09,-0.14216
1995-06-16,-0.14491
1995-06-23,-0.1488
1995-06-30,-0.15367
1995-07-07,-0.15898
1995-07-14,-0.1641
1995-07-21,-0.16823
1995-07-28,-0.17071
1995-08-04,-0.17109
1995-08-11,-0.16932
1995-08-18,-0.1654
1995-08-25,-0.15992
1995-09-01,-0.15352
1995-09-08,-0.14698
1995-09-15,-0.14109
1995-09-22,-0.13628
1995-09-29,-0.13263
1995-10-06,-0.13
1995-10-13,-0.12773
1995-10-20,-0.12537
1995-10-27,-0.12245
1995-11-03,-0.11867
1995-11-10,-0.11421
1995-11-17,-0.10913
1995-11-24,-0.10389
1995-12-01,-0.09905
1995-12-08,-0.09533
1995-12-15,-0.09342
1995-12-22,-0.0939
1995-12-29,-0.09712
1996-01-05,-0.10329
1996-01-12,-0.11218
1996-01-19,-0.12332
1996-01-26,-0.13629
1996-02-02,-0.15036
1996-02-09,-0.16479
1996-02-16,-0.17885
1996-02-23,-0.19184
1996-03-01,-0.2032
1996-03-08,-0.21259
1996-03-15,-0.21987
1996-03-22,-0.22518
1996-03-29,-0.22884
1996-04-05,-0.23123
1996-04-12,-0.23288
1996-04-19,-0.23425
1996-04-26,-0.2358
1996-05-03,-0.23773
1996-05-10,-0.24025
1996-05-17,-0.24315
1996-05-24,-0.24635
1996-05-31,-0.24964
1996-06-07,-0.25276
1996-06-14,-0.25567
1996-06-21,-0.25826
1996-06-28,-0.26052
1996-07-05,-0.26256
1996-07-12,-0.2643
1996-07-19,-0.26595
1996-07-26,-0.26771
1996-08-02,-0.26948
1996-08-09,-0.27156
1996-08-16,-0.27357
1996-08-23,-0.27527
1996-08-30,-0.27626
1996-09-06,-0.27612
1996-09-13,-0.27468
1996-09-20,-0.27186
1996-09-27,-0.26773
1996-10-04,-0.26265
1996-10-11,-0.25708
1996-10-18,-0.25157
1996-10-25,-0.24674
1996-11-01,-0.24299
1996-11-08,-0.24081
1996-11-15,-0.23996
1996-11-22,-0.2403
1996-11-29,-0.24132
1996-12-06,-0.24243
1996-12-13,-0.24301
1996-12-20,-0.24262
1996-12-27,-0.24103
1997-01-03,-0.23838
1997-01-10,-0.23454
1997-01-17,-0.23036
1997-01-24,-0.22607
1997-01-31,-0.22192
1997-02-07,-0.2182
1997-02-14,-0.2149
1997-02-21,-0.21192
1997-02-28,-0.20917
1997-03-07,-0.2065
1997-03-14,-0.20433
1997-03-21,-0.20274
1997-03-28,-0.20204
1997-04-04,-0.20234
1997-04-11,-0.20366
1997-04-18,-0.20565
1997-04-25,-0.20799
1997-05-02,-0.21009
1997-05-09,-0.21163
1997-05-16,-0.21176
1997-05-23,-0.21025
1997-05-30,-0.20717
1997-06-06,-0.20281
1997-06-13,-0.19806
1997-06-20,-0.19374
1997-06-27,-0.19058
1997-07-04,-0.18935
1997-07-11,-0.19008
1997-07-18,-0.19277
1997-07-25,-0.19718
1997-08-01,-0.20272
1997-08-08,-0.20906
1997-08-15,-0.21531
1997-08-22,-0.22103
1997-08-29,-0.22584
1997-09-05,-0.22942
1997-09-12,-0.2316
1997-09-19,-0.2322
1997-09-26,-0.23097
1997-10-03,-0.22741
1997-10-10,-0.22117
1997-10-17,-0.21171
1997-10-24,-0.19882
1997-10-31,-0.18276
1997-11-07,-0.16426
1997-11-14,-0.14449
1997-11-21,-0.12494
1997-11-28,-0.10749
1997-12-05,-0.09363
1997-12-12,-0.08551
1997-12-19,-0.08406
1997-12-26,-0.08952
1998-01-02,-0.10123
1998-01-09,-0.11813
1998-01-16,-0.13697
1998-01-23,-0.15574
1998-01-30,-0.17234
1998-02-06,-0.1852
1998-02-13,-0.19354
1998-02-20,-0.19734
1998-02-27,-0.19737
1998-03-06,-0.19482
1998-03-13,-0.19122
1998-03-20,-0.18773
1998-03-27,-0.18538
1998-04-03,-0.18419
1998-04-10,-0.18348
1998-04-17,-0.18208
1998-04-24,-0.17917
1998-05-01,-0.17352
1998-05-08,-0.16482
1998-05-15,-0.15294
1998-05-22,-0.13831
1998-05-29,-0.12182
1998-06-05,-0.10482
1998-06-12,-0.08842
1998-06-19,-0.07454
1998-06-26,-0.0639
1998-07-03,-0.05663
1998-07-10,-0.0522
1998-07-17,-0.0491
1998-07-24,-0.04556
1998-07-31,-0.03946
1998-08-07,-0.02966
1998-08-14,-0.01508
1998-08-21,0.00448
1998-08-28,0.02857
1998-09-04,0.05618
1998-09-11,0.08567
1998-09-18,0.11551
1998-09-25,0.14449
1998-10-02,0.17143
1998-10-09,0.1956
1998-10-16,0.21703
1998-10-23,0.23493
1998-10-30,0.24838
1998-11-06,0.25722
1998-11-13,0.26117
1998-11-20,0.25985
1998-11-27,0.25295
1998-12-04,0.24067
1998-12-11,0.22254
1998-12-18,0.19921
1998-12-25,0.17164
1999-01-01,0.14162
1999-01-08,0.11089
1999-01-15,0.08101
1999-01-22,0.05325
1999-01-29,0.02847
1999-02-05,0.00724
1999-02-12,-0.01054
1999-02-19,-0.02482
1999-02-26,-0.03591
1999-03-05,-0.04445
1999-03-12,-0.05072
1999-03-19,-0.05539
1999-03-26,-0.05896
1999-04-02,-0.0619
1999-04-09,-0.06426
1999-04-16,-0.06645
1999-04-23,-0.06837
1999-04-30,-0.06986
1999-05-07,-0.0707
1999-05-14,-0.07057
1999-05-21,-0.06923
1999-05-28,-0.06676
1999-06-04,-0.06335
1999-06-11,-0.05904
1999-06-18,-0.05424
1999-06-25,-0.04916
1999-07-02,-0.04392
1999-07-09,-0.03836
1999-07-16,-0.03262
1999-07-23,-0.02676
1999-07-30,-0.02085
1999-08-06,-0.015
1999-08-13,-0.00947
1999-08-20,-0.00443
1999-08-27,-0.00028
1999-09-03,0.0028
1999-09-10,0.00514
1999-09-17,0.00651
1999-09-24,0.0072
1999-10-01,0.00803
1999-10-08,0.00941
1999-10-15,0.01225
1999-10-22,0.01733
1999-10-29,0.02525
1999-11-05,0.03602
1999-11-12,0.04923
1999-11-19,0.06394
1999-11-26,0.07883
1999-12-03,0.0921
1999-12-10,0.10191
1999-12-17,0.10561
1999-12-24,0.10373
1999-12-31,0.09578
2000-01-07,0.082
2000-01-14,0.06648
2000-01-21,0.05083
2000-01-28,0.03745
2000-02-04,0.02808
2000-02-11,0.02332
2000-02-18,0.02371
2000-02-25,0.02879
2000-03-03,0.03773
2000-03-10,0.04947
2000-03-17,0.0629
2000-03-24,0.07696
2000-03-31,0.09053
2000-04-07,0.1031
2000-04-14,0.11457
2000-04-21,0.12487
2000-04-28,0.13458
2000-05-05,0.14434
2000-05-12,0.15409
2000-05-19,0.16429
2000-05-26,0.17487
2000-06-02,0.18552
2000-06-09,0.1958
2000-06-16,0.20514
2000-06-23,0.21304
2000-06-30,0.2193
2000-07-07,0.22352
2000-07-14,0.2259
2000-07-21,0.22661
2000-07-28,0.22593
2000-08-04,0.22398
2000-08-11,0.22091
2000-08-18,0.21734
2000-08-25,0.21347
2000-09-01,0.20974
2000-09-08,0.20685
2000-09-15,0.20548
2000-09-22,0.20682
2000-09-29,0.21222
2000-10-06,0.22274
2000-10-13,0.2401
2000-10-20,0.26499
2000-10-27,0.29784
2000-11-03,0.338
2000-11-10,0.38449
2000-11-17,0.43531
2000-11-24,0.48734
2000-12-01,0.53658
2000-12-08,0.57844
2000-12-15,0.60825
2000-12-22,0.62361
2000-12-29,0.62379
2001-01-05,0.61035
2001-01-12,0.58842
2001-01-19,0.56096
2001-01-26,0.53141
2001-02-02,0.50179
2001-02-09,0.47452
2001-02-16,0.45103
2001-02-23,0.43145
2001-03-02,0.41551
2001-03-09,0.40153
2001-03-16,0.38796
2001-03-23,0.37304
2001-03-30,0.3561
2001-04-06,0.33714
2001-04-13,0.31653
2001-04-20,0.29488
2001-04-27,0.27354
2001-05-04,0.25353
2001-05-11,0.23644
2001-05-18,0.22269
2001-05-25,0.21312
2001-06-01,0.20767
2001-06-08,0.2054
2001-06-15,0.20515
2001-06-22,0.20541
2001-06-29,0.20506
2001-07-06,0.20285
2001-07-13,0.19924
2001-07-20,0.19441
2001-07-27,0.18969
2001-08-03,0.18642
2001-08-10,0.18633
2001-08-17,0.1905
2001-08-24,0.19966
2001-08-31,0.21367
2001-09-07,0.23146
2001-09-14,0.25156
2001-09-21,0.27134
2001-09-28,0.28864
2001-10-05,0.30167
2001-10-12,0.31022
2001-10-19,0.31418
2001-10-26,0.31431
2001-11-02,0.31141
2001-11-09,0.30687
2001-11-16,0.30178
2001-11-23,0.29685
2001-11-30,0.29228
2001-12-07,0.28717
2001-12-14,0.27937
2001-12-21,0.26792
2001-12-28,0.25232
2002-01-04,0.23292
2002-01-11,0.2113
2002-01-18,0.1895
2002-01-25,0.16903
2002-02-01,0.15146
2002-02-08,0.13764
2002-02-15,0.12735
2002-02-22,0.11973
2002-03-01,0.11347
2002-03-08,0.10703
2002-03-15,0.09897
2002-03-22,0.08843
2002-03-29,0.07473
2002-04-05,0.05784
2002-04-12,0.03821
2002-04-19,0.01715
2002-04-26,-0.00372
2002-05-03,-0.02254
2002-05-10,-0.03685
2002-05-17,-0.04518
2002-05-24,-0.04637
2002-05-31,-0.04034
2002-06-07,-0.02705
2002-06-14,-0.00755
2002-06-21,0.0163
2002-06-28,0.04276
2002-07-05,0.06956
2002-07-12,0.09482
2002-07-19,0.1172
2002-07-26,0.13615
2002-08-02,0.15113
2002-08-09,0.16288
2002-08-16,0.17143
2002-08-23,0.17752
2002-08-30,0.18199
2002-09-06,0.18557
2002-09-13,0.18852
2002-09-20,0.19112
2002-09-27,0.19298
2002-10-04,0.19361
2002-10-11,0.19253
2002-10-18,0.1895
2002-10-25,0.18477
2002-11-01,0.1786
2002-11-08,0.17156
2002-11-15,0.16388
2002-11-22,0.15598
2002-11-29,0.1478
2002-12-06,0.13933
2002-12-13,0.12898
2002-12-20,0.11707
2002-12-27,0.1029
2003-01-03,0.08699
2003-01-10,0.07034
2003-01-17,0.05476
2003-01-24,0.04146
2003-01-31,0.03075
2003-02-07,0.02298
2003-02-14,0.01695
2003-02-21,0.01187
2003-02-28,0.00651
2003-03-07,0.00013
2003-03-14,-0.0079
2003-03-21,-0.01767
2003-03-28,-0.02859
2003-04-04,-0.03998
2003-04-11,-0.05079
2003-04-18,-0.05947
2003-04-25,-0.06547
2003-05-02,-0.06813
2003-05-09,-0.06753
2003-05-16,-0.06497
2003-05-23,-0.06201
2003-05-30,-0.06039
2003-06-06,-0.06177
2003-06-13,-0.06727
2003-06-20,-0.07756
2003-06-27,-0.09213
2003-07-04,-0.10989
2003-07-11,-0.1292
2003-07-18,-0.14823
2003-07-25,-0.16526
2003-08-01,-0.17908
2003-08-08,-0.18915
2003-08-15,-0.1959
2003-08-22,-0.1998
2003-08-29,-0.20179
2003-09-05,-0.20307
2003-09-12,-0.20446
2003-09-19,-0.20694
2003-09-26,-0.21085
2003-10-03,-0.21653
2003-10-10,-0.22369
2003-10-17,-0.23151
2003-10-24,-0.23916
2003-10-31,-0.24624
2003-11-07,-0.25217
2003-11-14,-0.25705
2003-11-21,-0.26131
2003-11-28,-0.26557
2003-12-05,-0.27022
2003-12-12,-0.27636
2003-12-19,-0.28406
2003-12-26,-0.29355
2004-01-02,-0.30418
2004-01-09,-0.31522
2004-01-16,-0.32495
2004-01-23,-0.33258
2004-01-30,-0.33761
2004-02-06,-0.33953
2004-02-13,-0.33909
2004-02-20,-0.33734
2004-02-27,-0.33521
2004-03-05,-0.33377
2004-03-12,-0.33406
2004-03-19,-0.33638
2004-03-26,-0.34071
2004-04-02,-0.34648
2004-04-09,-0.35224
2004-04-16,-0.35685
2004-04-23,-0.35911
2004-04-30,-0.3583
2004-05-07,-0.35462
2004-05-14,-0.34857
2004-05-21,-0.34115
2004-05-28,-0.33347
2004-06-04,-0.32616
2004-06-11,-0.31991
2004-06-18,-0.31497
2004-06-25,-0.31125
2004-07-02,-0.30823
2004-07-09,-0.30548
2004-07-16,-0.30214
2004-07-23,-0.29772
2004-07-30,-0.29189
2004-08-06,-0.28448
2004-08-13,-0.27581
2004-08-20,-0.26674
2004-08-27,-0.25789
2004-09-03,-0.24965
2004-09-10,-0.2435
2004-09-17,-0.23956
2004-09-24,-0.238
2004-10-01,-0.23879
2004-10-08,-0.2416
2004-10-15,-0.24553
2004-10-22,-0.25007
2004-10-29,-0.25454
2004-11-05,-0.25832
2004-11-12,-0.26113
2004-11-19,-0.26237
2004-11-26,-0.26207
2004-12-03,-0.26036
2004-12-10,-0.25742
2004-12-17,-0.25365
2004-12-24,-0.24949
2004-12-31,-0.24557
2005-01-07,-0.24225
2005-01-14,-0.23987
2005-01-21,-0.23869
2005-01-28,-0.23881
2005-02-04,-0.23985
2005-02-11,-0.24108
2005-02-18,-0.24187
2005-02-25,-0.24125
2005-03-04,-0.23869
2005-03-11,-0.23365
2005-03-18,-0.22574
2005-03-25,-0.21498
2005-04-01,-0.20159
2005-04-08,-0.18608
2005-04-15,-0.16965
2005-04-22,-0.15326
2005-04-29,-0.13812
2005-05-06,-0.12525
2005-05-13,-0.11534
2005-05-20,-0.10851
2005-05-27,-0.10499
2005-06-03,-0.10417
2005-06-10,-0.10557
2005-06-17,-0.10832
2005-06-24,-0.11128
2005-07-01,-0.11389
2005-07-08,-0.11548
2005-07-15,-0.11606
2005-07-22,-0.11515
2005-07-29,-0.11329
2005-08-05,-0.11053
2005-08-12,-0.10778
2005-08-19,-0.10517
2005-08-26,-0.10356
2005-09-02,-0.10341
2005-09-09,-0.10517
2005-09-16,-0.10853
2005-09-23,-0.11324
2005-09-30,-0.11895
2005-10-07,-0.12503
2005-10-14,-0.13078
2005-10-21,-0.13553
2005-10-28,-0.13914
2005-11-04,-0.14084
2005-11-11,-0.14064
2005-11-18,-0.13838
2005-11-25,-0.13483
2005-12-02,-0.13021
2005-12-09,-0.12485
2005-12-16,-0.1196
2005-12-23,-0.11468
2005-12-30,-0.11066
2006-01-06,-0.10783
2006-01-13,-0.10691
2006-01-20,-0.10752
2006-01-27,-0.10986
2006-02-03,-0.11321
2006-02-10,-0.11733
2006-02-17,-0.122
2006-02-24,-0.127
2006-03-03,-0.13183
2006-03-10,-0.13675
2006-03-17,-0.14109
2006-03-24,-0.14453
2006-03-31,-0.14684
2006-04-07,-0.14794
2006-04-14,-0.14783
2006-04-21,-0.14702
2006-04-28,-0.14574
2006-05-05,-0.14401
2006-05-12,-0.1426
2006-05-19,-0.14119
2006-05-26,-0.13973
2006-06-02,-0.13803
2006-06-09,-0.13597
2006-06-16,-0.13308
2006-06-23,-0.12918
2006-06-30,-0.12413
2006-07-07,-0.11825
2006-07-14,-0.11164
2006-07-21,-0.10484
2006-07-28,-0.09822
2006-08-04,-0.09199
2006-08-11,-0.08656
2006-08-18,-0.08183
2006-08-25,-0.07772
2006-09-01,-0.07422
2006-09-08,-0.07118
2006-09-15,-0.06823
2006-09-22,-0.06523
2006-09-29,-0.06206
2006-10-06,-0.05855
2006-10-13,-0.0548
2006-10-20,-0.05071
2006-10-27,-0.04643
2006-11-03,-0.04222
2006-11-10,-0.03893
2006-11-17,-0.03675
2006-11-24,-0.03649
2006-12-01,-0.03874
2006-12-08,-0.04364
2006-12-15,-0.05133
2006-12-22,-0.06125
2006-12-29,-0.07248
2007-01-05,-0.08396
2007-01-12,-0.09445
2007-01-19,-0.10281
2007-01-26,-0.10855
2007-02-02,-0.11095
2007-02-09,-0.11014
2007-02-16,-0.1065
2007-02-23,-0.1006
2007-03-02,-0.09338
2007-03-09,-0.08586
2007-03-16,-0.07902
2007-03-23,-0.07348
2007-03-30,-0.06981
2007-04-06,-0.06831
2007-04-13,-0.06922
2007-04-20,-0.07279
2007-04-27,-0.07928
2007-05-04,-0.08844
2007-05-11,-0.10036
2007-05-18,-0.11405
2007-05-25,-0.12814
2007-06-01,-0.1407
2007-06-08,-0.14915
2007-06-15,-0.15022
2007-06-22,-0.14101
2007-06-29,-0.119
2007-07-06,-0.08221
2007-07-13,-0.03063
2007-07-20,0.03457
2007-07-27,0.11026
2007-08-03,0.19103
2007-08-10,0.2707
2007-08-17,0.34169
2007-08-24,0.39677
2007-08-31,0.4312
2007-09-07,0.44356
2007-09-14,0.4357
2007-09-21,0.41188
2007-09-28,0.38233
2007-10-05,0.35396
2007-10-12,0.33336
2007-10-19,0.3272
2007-10-26,0.33757
2007-11-02,0.36355
2007-11-09,0.40305
2007-11-16,0.45117
2007-11-23,0.50311
2007-11-30,0.55167
2007-12-07,0.59329
2007-12-14,0.62494
2007-12-21,0.6479
2007-12-28,0.66394
2008-01-04,0.67739
2008-01-11,0.69529
2008-01-18,0.72116
2008-01-25,0.75682
2008-02-01,0.80294
2008-02-08,0.86013
2008-02-15,0.92335
2008-02-22,0.98642
2008-02-29,1.04122
2008-03-07,1.08356
2008-03-14,1.10457
2008-03-21,1.10027
2008-03-28,1.072
2008-04-04,1.0241
2008-04-11,0.96354
2008-04-18,0.89664
2008-04-25,0.83245
2008-05-02,0.77776
2008-05-09,0.73909
2008-05-16,0.71686
2008-05-23,0.71328
2008-05-30,0.72602
2008-06-06,0.75248
2008-06-13,0.78559
2008-06-20,0.82112
2008-06-27,0.85536
2008-07-04,0.8805
2008-07-11,0.89545
2008-07-18,0.90153
2008-07-25,0.90237
2008-08-01,0.90385
2008-08-08,0.91303
2008-08-15,0.93683
2008-08-22,0.98354
2008-08-29,1.0563
2008-09-05,1.15669
2008-09-12,1.28451
2008-09-19,1.44111
2008-09-26,1.60999
2008-10-03,1.78691
2008-10-10,1.96721
2008-10-17,2.13663
2008-10-24,2.294
2008-10-31,2.43618
2008-11-07,2.56023
2008-11-14,2.66604
2008-11-21,2.74766
2008-11-28,2.79032
2008-12-05,2.79226
2008-12-12,2.74971
2008-12-19,2.66435
2008-12-26,2.54662
2009-01-02,2.42144
2009-01-09,2.29206
2009-01-16,2.1775
2009-01-23,2.08382
2009-01-30,2.01754
2009-02-06,1.9804
2009-02-13,1.9701
2009-02-20,1.97826
2009-02-27,1.9935
2009-03-06,2.00458
2009-03-13,1.99622
2009-03-20,1.96394
2009-03-27,1.90676
2009-04-03,1.82815
2009-04-10,1.72823
2009-04-17,1.61715
2009-04-24,1.50086
2009-05-01,1.38345
2009-05-08,1.27274
2009-05-15,1.1756
2009-05-22,1.09172
2009-05-29,1.02338
2009-06-05,0.9677
2009-06-12,0.92445
2009-06-19,0.89072
2009-06-26,0.85804
2009-07-03,0.82271
2009-07-10,0.78297
2009-07-17,0.73638
2009-07-24,0.6851
2009-07-31,0.63387
2009-08-07,0.58687
2009-08-14,0.54484
2009-08-21,0.50722
2009-08-28,0.4728
2009-09-04,0.44211
2009-09-11,0.41303
2009-09-18,0.38671
2009-09-25,0.36483
2009-10-02,0.34863
2009-10-09,0.33506
2009-10-16,0.3232
2009-10-23,0.3128
2009-10-30,0.30257
2009-11-06,0.2885
2009-11-13,0.26923
2009-11-20,0.24421
2009-11-27,0.21201
2009-12-04,0.17324
2009-12-11,0.12974
2009-12-18,0.0867
2009-12-25,0.04866
2010-01-01,0.01993
2010-01-08,0.00151
2010-01-15,-0.00358
2010-01-22,0.002
2010-01-29,0.01195
2010-02-05,0.02127
2010-02-12,0.02507
2010-02-19,0.01779
2010-02-26,1e-05
2010-03-05,-0.02782
2010-03-12,-0.06223
2010-03-19,-0.09766
2010-03-26,-0.12982
2010-04-02,-0.15282
2010-04-09,-0.16227
2010-04-16,-0.15485
2010-04-23,-0.13025
2010-04-30,-0.09
2010-05-07,-0.03827
2010-05-14,0.01553
2010-05-21,0.06819
2010-05-28,0.11065
2010-06-04,0.13933
2010-06-11,0.15404
2010-06-18,0.15275
2010-06-25,0.141
2010-07-02,0.12219
2010-07-09,0.09816
2010-07-16,0.07395
2010-07-23,0.05373
2010-07-30,0.03886
2010-08-06,0.03058
2010-08-13,0.02847
2010-08-20,0.02836
2010-08-27,0.02714
2010-09-03,0.02151
2010-09-10,0.00863
2010-09-17,-0.01079
2010-09-24,-0.03566
2010-10-01,-0.06583
2010-10-08,-0.09915
2010-10-15,-0.13298
2010-10-22,-0.16527
2010-10-29,-0.19477
2010-11-05,-0.21977
2010-11-12,-0.23947
2010-11-19,-0.25581
2010-11-26,-0.26978
2010-12-03,-0.28412
2010-12-10,-0.29981
2010-12-17,-0.31653
2010-12-24,-0.33368
2010-12-31,-0.3512
2011-01-07,-0.36687
2011-01-14,-0.38114
2011-01-21,-0.39325
2011-01-28,-0.4016
2011-02-04,-0.40563
2011-02-11,-0.40435
2011-02-18,-0.3981
2011-02-25,-0.38831
2011-03-04,-0.37778
2011-03-11,-0.36808
2011-03-18,-0.36113
2011-03-25,-0.35875
2011-04-01,-0.35962
2011-04-08,-0.36317
2011-04-15,-0.36711
2011-04-22,-0.36989
2011-04-29,-0.37025
2011-05-06,-0.36711
2011-05-13,-0.36032
2011-05-20,-0.35124
2011-05-27,-0.34109
2011-06-03,-0.33146
2011-06-10,-0.32321
2011-06-17,-0.31704
2011-06-24,-0.31123
2011-07-01,-0.30396
2011-07-08,-0.29121
2011-07-15,-0.26939
2011-07-22,-0.23775
2011-07-29,-0.19478
2011-08-05,-0.14185
2011-08-12,-0.08347
2011-08-19,-0.02649
2011-08-26,0.0263
2011-09-02,0.06893
2011-09-09,0.10132
2011-09-16,0.12155
2011-09-23,0.13053
2011-09-30,0.12901
2011-10-07,0.11974
2011-10-14,0.10475
2011-10-21,0.09132
2011-10-28,0.08185
2011-11-04,0.08047
2011-11-11,0.0858
2011-11-18,0.09566
2011-11-25,0.1061
2011-12-02,0.11094
2011-12-09,0.10992
2011-12-16,0.10179
2011-12-23,0.08468
2011-12-30,0.05983
2012-01-06,0.02932
2012-01-13,-0.00449
2012-01-20,-0.03846
2012-01-27,-0.06969
2012-02-03,-0.09524
2012-02-10,-0.11504
2012-02-17,-0.12923
2012-02-24,-0.14047
2012-03-02,-0.14976
2012-03-09,-0.15661
2012-03-16,-0.16218
2012-03-23,-0.16427
2012-03-30,-0.16081
2012-04-06,-0.15176
2012-04-13,-0.13616
2012-04-20,-0.1149
2012-04-27,-0.08818
2012-05-04,-0.05739
2012-05-11,-0.0236
2012-05-18,0.00983
2012-05-25,0.03791
2012-06-01,0.05956
2012-06-08,0.07218
2012-06-15,0.07561
2012-06-22,0.07115
2012-06-29,0.06135
2012-07-06,0.04732
2012-07-13,0.03172
2012-07-20,0.01458
2012-07-27,-0.00245
2012-08-03,-0.02017
2012-08-10,-0.03739
2012-08-17,-0.05445
2012-08-24,-0.07176
2012-08-31,-0.08897
2012-09-07,-0.1061
2012-09-14,-0.12235
2012-09-21,-0.1357
2012-09-28,-0.14441
2012-10-05,-0.14907
2012-10-12,-0.1487
2012-10-19,-0.14448
2012-10-26,-0.13656
2012-11-02,-0.12776
2012-11-09,-0.11981
2012-11-16,-0.1148
2012-11-23,-0.11565
2012-11-30,-0.12134
2012-12-07,-0.13207
2012-12-14,-0.14702
2012-12-21,-0.16379
2012-12-28,-0.18017
2013-01-04,-0.19663
2013-01-11,-0.21063
2013-01-18,-0.22139
2013-01-25,-0.22946
2013-02-01,-0.23476
2013-02-08,-0.23779
2013-02-15,-0.24041
2013-02-22,-0.24299
2013-03-01,-0.24632
2013-03-08,-0.25209
2013-03-15,-0.26015
2013-03-22,-0.27025
2013-03-29,-0.28321
2013-04-05,-0.2985
2013-04-12,-0.31568
2013-04-19,-0.33313
2013-04-26,-0.34976
2013-05-03,-0.3635
2013-05-10,-0.37212
2013-05-17,-0.37426
2013-05-24,-0.37003
2013-05-31,-0.36028
2013-06-07,-0.34729
2013-06-14,-0.33328
2013-06-21,-0.3213
2013-06-28,-0.31285
2013-07-05,-0.30866
2013-07-12,-0.30862
2013-07-19,-0.31167
2013-07-26,-0.31581
2013-08-02,-0.31958
2013-08-09,-0.32215
2013-08-16,-0.32349
2013-08-23,-0.32385
2013-08-30,-0.32413
2013-09-06,-0.32545
2013-09-13,-0.32831
2013-09-20,-0.33297
2013-09-27,-0.33936
2013-10-04,-0.34754
2013-10-11,-0.35735
2013-10-18,-0.36835
2013-10-25,-0.37971
2013-11-01,-0.39039
2013-11-08,-0.40068
2013-11-15,-0.41021
2013-11-22,-0.41876
2013-11-29,-0.42641
2013-12-06,-0.4325
2013-12-13,-0.43681
2013-12-20,-0.43881
2013-12-27,-0.43884
2014-01-03,-0.43506
2014-01-10,-0.42947
2014-01-17,-0.42276
2014-01-24,-0.41579
2014-01-31,-0.41002
2014-02-07,-0.40627
2014-02-14,-0.40433
2014-02-21,-0.40313
2014-02-28,-0.40181
2014-03-07,-0.39928
2014-03-14,-0.39514
2014-03-21,-0.38988
2014-03-28,-0.38321
2014-04-04,-0.37708
2014-04-11,-0.37104
2014-04-18,-0.36588
2014-04-25,-0.36235
2014-05-02,-0.36102
2014-05-09,-0.36166
2014-05-16,-0.36438
2014-05-23,-0.36902
2014-05-30,-0.37394
2014-06-06,-0.37809
2014-06-13,-0.38095
2014-06-20,-0.38187
2014-06-27,-0.38092
2014-07-04,-0.37805
2014-07-11,-0.37363
2014-07-18,-0.36794
2014-07-25,-0.36147
2014-08-01,-0.35437
2014-08-08,-0.34738
2014-08-15,-0.34024
2014-08-22,-0.3317
2014-08-29,-0.321
2014-09-05,-0.30875
2014-09-12,-0.29515
2014-09-19,-0.28141
2014-09-26,-0.26889
2014-10-03,-0.25944
2014-10-10,-0.25348
2014-10-17,-0.25028
2014-10-24,-0.25035
2014-10-31,-0.25176
2014-11-07,-0.25281
2014-11-14,-0.25172
2014-11-21,-0.24687
2014-11-28,-0.23834
2014-12-05,-0.2256
2014-12-12,-0.20897
2014-12-19,-0.1904
2014-12-26,-0.17218
2015-01-02,-0.15366
2015-01-09,-0.13779
2015-01-16,-0.12483
2015-01-23,-0.11595
2015-01-30,-0.11091
2015-02-06,-0.1092
2015-02-13,-0.11013
2015-02-20,-0.11256
2015-02-27,-0.11539
2015-03-06,-0.11725
2015-03-13,-0.11829
2015-03-20,-0.11905
2015-03-27,-0.11815
2015-04-03,-0.11717
2015-04-10,-0.11616
2015-04-17,-0.11473
2015-04-24,-0.11411
2015-05-01,-0.11352
2015-05-08,-0.11286
2015-05-15,-0.11261
2015-05-22,-0.11224
2015-05-29,-0.11134
2015-06-05,-0.10967
2015-06-12,-0.10677
2015-06-19,-0.10218
2015-06-26,-0.09615
2015-07-03,-0.08744
2015-07-10,-0.07632
2015-07-17,-0.06362
2015-07-24,-0.04862
2015-07-31,-0.03215
2015-08-07,-0.01537
2015-08-14,0.00088
2015-08-21,0.01563
2015-08-28,0.02823
2015-09-04,0.0379
2015-09-11,0.04451
2015-09-18,0.04821
2015-09-25,0.04939
2015-10-02,0.04882
2015-10-09,0.04592
2015-10-16,0.04371
2015-10-23,0.043
2015-10-30,0.04489
2015-11-06,0.05047
2015-11-13,0.06003
2015-11-20,0.07296
2015-11-27,0.08903
2015-12-04,0.10782
2015-12-11,0.12863
2015-12-18,0.15043
2015-12-25,0.17201
2016-01-01,0.19246
2016-01-08,0.21055
2016-01-15,0.2265
2016-01-22,0.23899
2016-01-29,0.24712
2016-02-05,0.25071
2016-02-12,0.249
2016-02-19,0.24083
2016-02-26,0.22772
2016-03-04,0.21122
2016-03-11,0.1941
2016-03-18,0.17829
2016-03-25,0.1654
2016-04-01,0.15571
2016-04-08,0.14973
2016-04-15,0.14695
2016-04-22,0.14699
2016-04-29,0.14974
2016-05-06,0.1544
2016-05-13,0.16002
2016-05-20,0.16581
2016-05-27,0.17128
2016-06-03,0.17637
2016-06-10,0.1807
2016-06-17,0.18425
2016-06-24,0.185
2016-07-01,0.18336
2016-07-08,0.17785
2016-07-15,0.16967
2016-07-22,0.16014
2016-07-29,0.15068
2016-08-05,0.14344
2016-08-12,0.13918
2016-08-19,0.13845
2016-08-26,0.14119
2016-09-02,0.14693
2016-09-09,0.1535
2016-09-16,0.15948
2016-09-23,0.16365
2016-09-30,0.16533
2016-10-07,0.16303
2016-10-14,0.15758
2016-10-21,0.14954
2016-10-28,0.13856
2016-11-04,0.12638
2016-11-11,0.11273
2016-11-18,0.09885
2016-11-25,0.08537
2016-12-02,0.07257
2016-12-09,0.06047
2016-12-16,0.0492
2016-12-23,0.03897
2016-12-30,0.02861
2017-01-06,0.01891
2017-01-13,0.00961
2017-01-20,0.00126
2017-01-27,-0.00598
2017-02-03,-0.01116
2017-02-10,-0.01436
2017-02-17,-0.01478
2017-02-24,-0.01269
2017-03-03,-0.00935
2017-03-10,-0.00534
2017-03-17,-0.00166
2017-03-24,0.00077
2017-03-31,0.00104
2017-04-07,-0.00022
2017-04-14,-0.00253
2017-04-21,-0.00543
2017-04-28,-0.00894
2017-05-05,-0.01222
2017-05-12,-0.0159
2017-05-19,-0.01984
2017-05-26,-0.02535
2017-06-02,-0.03135
2017-06-09,-0.0381
2017-06-16,-0.04516
2017-06-23,-0.05207
2017-06-30,-0.05879
2017-07-07,-0.06467
2017-07-14,-0.06914
2017-07-21,-0.07164
2017-07-28,-0.07156
2017-08-04,-0.06915
2017-08-11,-0.06529
2017-08-18,-0.06136
2017-08-25,-0.0586
2017-09-01,-0.05792
2017-09-08,-0.0596
2017-09-15,-0.06389
2017-09-22,-0.07013
2017-09-29,-0.07756
2017-10-06,-0.08538
2017-10-13,-0.09255
2017-10-20,-0.0979
2017-10-27,-0.10093
2017-11-03,-0.1012
2017-11-10,-0.09915
2017-11-17,-0.09584
2017-11-24,-0.09237
2017-12-01,-0.08952
2017-12-08,-0.08794
2017-12-15,-0.08842
2017-12-22,-0.09068
2017-12-29,-0.0943
2018-01-05,-0.09894
2018-01-12,-0.10291
2018-01-19,-0.10494
2018-01-26,-0.10417
2018-02-02,-0.09954
2018-02-09,-0.09141
2018-02-16,-0.0811
2018-02-23,-0.06916
2018-03-02,-0.05694
2018-03-09,-0.04534
2018-03-16,-0.03569
2018-03-23,-0.02879
2018-03-30,-0.02552
2018-04-06,-0.02582
2018-04-13,-0.02949
2018-04-20,-0.0355
2018-04-27,-0.042
2018-05-04,-0.04845
2018-05-11,-0.05419
2018-05-18,-0.05874
2018-05-25,-0.06176
2018-06-01,-0.06333
2018-06-08,-0.06403
2018-06-15,-0.06379
2018-06-22,-0.06311
2018-06-29,-0.06253
2018-07-06,-0.06276
2018-07-13,-0.06427
2018-07-20,-0.06666
2018-07-27,-0.06937
2018-08-03,-0.07239
2018-08-10,-0.0757
2018-08-17,-0.07869
2018-08-24,-0.0817
2018-08-31,-0.08461
2018-09-07,-0.0873
2018-09-14,-0.08954
2018-09-21,-0.09071
2018-09-28,-0.09058
2018-10-05,-0.08894
2018-10-12,-0.08496
2018-10-19,-0.07856
2018-10-26,-0.0693
2018-11-02,-0.05699
2018-11-09,-0.04206
2018-11-16,-0.0241
2018-11-23,-0.0047
2018-11-30,0.01425
2018-12-07,0.03123
2018-12-14,0.04398
2018-12-21,0.05136
2018-12-28,0.05194
2019-01-04,0.04651
2019-01-11,0.03537
2019-01-18,0.02115
2019-01-25,0.00551
2019-02-01,-0.00977
2019-02-08,-0.02318
2019-02-15,-0.03378
2019-02-22,-0.04161
2019-03-01,-0.04675
2019-03-08,-0.04954
2019-03-15,-0.05138
2019-03-22,-0.0526
2019-03-29,-0.05363
2019-04-05,-0.05492
2019-04-12,-0.0559
2019-04-19,-0.0562
2019-04-26,-0.05526
2019-05-03,-0.053
2019-05-10,-0.04932
2019-05-17,-0.04494
2019-05-24,-0.04069
2019-05-31,-0.03694
2019-06-07,-0.03429
2019-06-14,-0.03281
2019-06-21,-0.03182
2019-06-28,-0.03047
2019-07-05,-0.02865
2019-07-12,-0.02541
2019-07-19,-0.02065
2019-07-26,-0.01431
2019-08-02,-0.00608
2019-08-09,0.00325
2019-08-16,0.0126
2019-08-23,0.02052
2019-08-30,0.02652
2019-09-06,0.02908
2019-09-13,0.02851
2019-09-20,0.02516
2019-09-27,0.0193
2019-10-04,0.01148
2019-10-11,0.00283
2019-10-18,-0.00589
2019-10-25,-0.01362
2019-11-01,-0.01931
2019-11-08,-0.02301
2019-11-15,-0.02455
2019-11-22,-0.02477
2019-11-29,-0.02485
2019-12-06,-0.0263
2019-12-13,-0.03067
2019-12-20,-0.03888
2019-12-27,-0.05161
2020-01-03,-0.06729
2020-01-10,-0.08331
2020-01-17,-0.09618
2020-01-24,-0.10079
2020-01-31,-0.09187
2020-02-07,-0.06515
2020-02-14,-0.01621
2020-02-21,0.05635
2020-02-28,0.15017
2020-03-06,0.2579
2020-03-13,0.36971
2020-03-20,0.47346
2020-03-27,0.55358
2020-04-03,0.60725
2020-04-10,0.63115
2020-04-17,0.62593
2020-04-24,0.59832
2020-05-01,0.5522
2020-05-08,0.49276
2020-05-15,0.42821
2020-05-22,0.36157
2020-05-29,0.29937
2020-06-05,0.24535
2020-06-12,0.20212
2020-06-19,0.16801
2020-06-26,0.14182
2020-07-03,0.12074
2020-07-10,0.10174
2020-07-17,0.08382
2020-07-24,0.06641
2020-07-31,0.04862
2020-08-07,0.03208
2020-08-14,0.01751
2020-08-21,0.00545
2020-08-28,-0.0031
2020-09-04,-0.00808
2020-09-11,-0.00987
2020-09-18,-0.01003
2020-09-25,-0.00907
2020-10-02,-0.00914
2020-10-09,-0.01132
2020-10-16,-0.01511
2020-10-23,-0.02097
2020-10-30,-0.02841
2020-11-06,-0.0374
2020-11-13,-0.0469
2020-11-20,-0.05617
2020-11-27,-0.0645
2020-12-04,-0.07236
2020-12-11,-0.07921
2020-12-18,-0.0855
2020-12-25,-0.09167
2021-01-01,-0.09809
2021-01-08,-0.10469
2021-01-15,-0.11078
2021-01-22,-0.11649
2021-01-29,-0.12131
2021-02-05,-0.12588
2021-02-12,-0.1297
2021-02-19,-0.13323
2021-02-26,-0.13679
2021-03-05,-0.14109
2021-03-12,-0.14597
2021-03-19,-0.15171
2021-03-26,-0.15821
2021-04-02,-0.16517
2021-04-09,-0.17249
2021-04-16,-0.17876
2021-04-23,-0.18385
2021-04-30,-0.18706
2021-05-07,-0.18863
2021-05-14,-0.18713
2021-05-21,-0.18446
2021-05-28,-0.18098
2021-06-04,-0.1769
2021-06-11,-0.17288
2021-06-18,-0.16903
2021-06-25,-0.1654
2021-07-02,-0.16169
2021-07-09,-0.15764
2021-07-16,-0.15332
2021-07-23,-0.14887
2021-07-30,-0.1447
2021-08-06,-0.14083
2021-08-13,-0.13787
2021-08-20,-0.13637
2021-08-27,-0.13598
2021-09-03,-0.13657
2021-09-10,-0.13774
2021-09-17,-0.13908
2021-09-24,-0.14006
2021-10-01,-0.14038
2021-10-08,-0.13976
2021-10-15,-0.1379
2021-10-22,-0.13495
2021-10-29,-0.13068
2021-11-05,-0.12536
2021-11-12,-0.1199
2021-11-19,-0.11423
2021-11-26,-0.10898
2021-12-03,-0.10478
2021-12-10,-0.10206
2021-12-17,-0.09985
2021-12-24,-0.09797
2021-12-31,-0.0955
2022-01-07,-0.09098
2022-01-14,-0.08392
2022-01-21,-0.07379
2022-01-28,-0.06074
2022-02-04,-0.04545
2022-02-11,-0.02838
2022-02-18,-0.01043
2022-02-25,0.00683
2022-03-04,0.02267
2022-03-11,0.03617
2022-03-18,0.04675
2022-03-25,0.05437
2022-04-01,0.05998
2022-04-08,0.06501
2022-04-15,0.07033
2022-04-22,0.07688
2022-04-29,0.0853
2022-05-06,0.09603
2022-05-13,0.10877
2022-05-20,0.12348
2022-05-27,0.13958
2022-06-03,0.15679
2022-06-10,0.1737
2022-06-17,0.1888
2022-06-24,0.19934
2022-07-01,0.20485
2022-07-08,0.20454
2022-07-15,0.19862
2022-07-22,0.18891
2022-07-29,0.17798
2022-08-05,0.16858
2022-08-12,0.16231
2022-08-19,0.16146
2022-08-26,0.16668
2022-09-02,0.17732
2022-09-09,0.19142
2022-09-16,0.20783
2022-09-23,0.22354
2022-09-30,0.23654
2022-10-07,0.24434
2022-10-14,0.24678
2022-10-21,0.24345
2022-10-28,0.23586
2022-11-04,0.22535
2022-11-11,0.21423
2022-11-18,0.20437
2022-11-25,0.19681
2022-12-02,0.19214
2022-12-09,0.18965
2022-12-16,0.18758
2022-12-23,0.18496
2022-12-30,0.1802
2023-01-06,0.17303
2023-01-13,0.16414
2023-01-20,0.1551
2023-01-27,0.14723
2023-02-03,0.14198
2023-02-10,0.14082
2023-02-17,0.1444
2023-02-24,0.15278
2023-03-03,0.16494
2023-03-10,0.17923
2023-03-17,0.19397
2023-03-24,0.20638
2023-03-31,0.21354
2023-04-07,0.21726
2023-04-14,0.21693
2023-04-21,0.21373
2023-04-28,0.20863
2023-05-05,0.20221
2023-05-12,0.1945
2023-05-19,0.18647
2023-05-26,0.17852
2023-06-02,0.17105
2023-06-09,0.16465
2023-06-16,0.15943
2023-06-23,0.15512
2023-06-30,0.15106
2023-07-07,0.14748
2023-07-14,0.14344
2023-07-21,0.13975
2023-07-28,0.13608
2023-08-04,0.13258
2023-08-11,0.1293
2023-08-18,0.12676
2023-08-25,0.12492
2023-09-01,0.12379
2023-09-08,0.124
2023-09-15,0.12511
2023-09-22,0.12698
2023-09-29,0.12898
2023-10-06,0.13049
2023-10-13,0.13076
2023-10-20,0.12953
2023-10-27,0.12617
2023-11-03,0.1208
2023-11-10,0.11368
2023-11-17,0.10559
2023-11-24,0.09713
2023-12-01,0.08848
2023-12-08,0.08007
2023-12-15,0.07179
2023-12-22,0.06372
2023-12-29,0.05585
2024-01-05,0.04857
2024-01-12,0.04135
2024-01-19,0.03477
2024-01-26,0.02853
2024-02-02,0.02272
2024-02-09,0.0173
2024-02-16,0.01233
2024-02-23,0.00798
2024-03-01,0.00419
2024-03-08,0.0011
2024-03-15,-0.00108
2024-03-22,-0.00249
2024-03-29,-0.00334
2024-04-05,-0.00395
2024-04-12,-0.00491
2024-04-19,-0.00615
2024-04-26,-0.00845
2024-05-03,-0.01114
2024-05-10,-0.01392
2024-05-17,-0.01604
2024-05-24,-0.01728
2024-05-31,-0.01739
2024-06-07,-0.0161
2024-06-14,-0.01389
2024-06-21,-0.01115
2024-06-28,-0.00816
2024-07-05,-0.00514
2024-07-12,-0.0022
2024-07-19,0.00045
2024-07-26,0.00252
2024-08-02,0.00374
2024-08-09,0.00381
2024-08-16,0.00201
2024-08-23,-0.00138
2024-08-30,-0.00599
2024-09-06,-0.01153
2024-09-13,-0.0182
2024-09-20,-0.02577
2024-09-27,-0.03349
2024-10-04,-0.04163
2024-10-11,-0.04948
2024-10-18,-0.0571
2024-10-25,-0.0638
2024-11-01,-0.06957
2024-11-08,-0.07439
2024-11-15,-0.0777
2024-11-22,-0.07923
2024-11-29,-0.07904
2024-12-06,-0.07763
2024-12-13,-0.07535
2024-12-20,-0.07278
2024-12-27,-0.07097
2025-01-03,-0.06965
2025-01-10,-0.06942
2025-01-17,-0.06931
2025-01-24,-0.06859
2025-01-31,-0.06695
2025-02-07,-0.06354
2025-02-14,-0.05771
2025-02-21,-0.04923
2025-02-28,-0.03858
2025-03-07,-0.02658
2025-03-14,-0.01412
2025-03-21,-0.00241
2025-03-28,0.00695
2025-04-04,0.01378
2025-04-11,0.01753
2025-04-18,0.01713
2025-04-25,0.01342
2025-05-02,0.00672
2025-05-09,-0.00194
2025-05-16,-0.01124
2025-05-23,-0.01955
2025-05-30,-0.02678
2025-06-06,-0.03216
2025-06-13,-0.03615
2025-06-20,-0.03932
2025-06-27,-0.04207
2025-07-04,-0.04449
2025-07-11,-0.04665
2025-07-18,-0.04861
2025-07-25,-0.05041
2025-08-01,-0.05169
2025-08-08,-0.05272
2025-08-15,-0.05309
2025-08-22,-0.05246
2025-08-29,-0.05127
2025-09-05,-0.04934
2025-09-12,-0.04733
2025-09-19,-0.04533
2025-09-26,-0.04341
2025-10-03,-0.0416
2025-10-10,-0.03944
2025-10-17,-0.03667
2025-10-24,-0.03334
2025-10-31,-0.0294
2025-11-07,-0.02506
2025-11-14,-0.02046
2025-11-21,-0.0161
2025-11-28,-0.01282
2025-12-05,-0.01086
2025-12-12,-0.011
2025-12-19,-0.01348
2025-12-26,-0.01812
2026-01-02,-0.02414
2026-01-09,-0.03079
2026-01-16,-0.0363
2026-01-23,-0.03998
2026-01-30,-0.04105
2026-02-06,-0.03913
2026-02-13,-0.03449
2026-02-20,-0.02752
2026-02-27,-0.01897
2026-03-06,-0.00966
2026-03-13,6e-05
2026-03-20,0.00928
2026-03-27,0.01752
